"gene","lfc","padj","logpadj","direction"
"WHSC1L1",18.430377948474,1.03707834470516e-05,4.98418843417226,"n5"
"CCK",4.12205437507953,0.0724865236930647,1.13974272763252,"n5"
"LOC107057630",3.23685067584404,0.0610850435155933,1.21406511240533,"n5"
"LGALS1",3.1231037350933,0.00549573048836763,2.25997457330744,"n5"
"NPTX1",2.5590773180688,0.00192176589650638,2.71629951783697,"n5"
"LOC100859605",2.41077736924901,0.0195205938496336,1.70950697449228,"n5"
"LOC101750367",2.28609469582614,0.0128259813729273,1.89190939514081,"n5"
"SSTR3",2.1082244243502,0.0524744950784002,1.28005173160634,"n5"
"SGK2",1.98647870087821,0.0266317182456718,1.57460081251184,"n5"
"TTR",1.95624870740196,0.049404327065957,1.30623501183404,"n5"
"AQP2",1.95196712564791,0.0101365724053415,1.99410887311848,"n5"
"LOC429032",1.87128609443432,0.0500511563600408,1.30058588431886,"n5"
"MTUS2",1.51611408620625,0.00965167747375115,2.01539719916591,"n5"
"GHRH-LR",1.50435373888891,0.00202088531078188,2.6944583328518,"n5"
"ASIC4",1.44295112014685,0.0644036969816489,1.19108920200904,"n5"
"COL28A1",1.38431427538755,0.0711767929253209,1.14766158427562,"n5"
"SCT",1.34869192505272,0.0423927869687181,1.37270803128861,"n5"
"CEBPA",1.28433004069021,0.03145271063079,1.5023419206077,"n5"
"AVPR2",1.27381165407248,0.00462307718250111,2.33506885593364,"n5"
"RXRG",1.25259247417787,0.00718162436611413,2.14377731432971,"n5"
"PCM1",1.22510094262569,0.0570749652987677,1.24355434388605,"n5"
"KCNIP1",1.20269391697108,0.060853835139604,1.21571204639888,"n5"
"KIF21B",1.19431138040257,0.00569269367797109,2.24468218480711,"n5"
"ZNF469",1.15155687622727,0.0270273273890157,1.56819689760831,"n5"
"LOC427547",1.13918448644081,0.0693428465991482,1.15899833405362,"n5"
"LOC101748192",1.12525650665159,0.0954777300697763,1.02009791465365,"n5"
"FAP",1.1136960285831,0.0790188672867198,1.10226920009943,"n5"
"MAP2K6",1.06830697578006,0.00120519620976776,2.9189422428131,"n5"
"SSTR2",1.05931165923265,0.00995912336884585,2.00177888776388,"n5"
"KIAA1024",1.04197529704112,0.00995912336884585,2.00177888776388,"n5"
"PLXNA4B",1.00978674112724,0.00914147911606526,2.03898352855789,"n5"
"DOC2B",1.00222346986543,0.00320313598156747,2.49442462399905,"n5"
"KANK1",0.995232614101973,0.00844504327890192,2.07339812042807,"n5"
"AEBP1",0.993245263322207,0.0512610557808216,1.29021245326174,"n5"
"TMPRSS3",0.970944544313695,0.0877566583032425,1.05671992267233,"n5"
"LHX6",0.962271780822389,0.0532725958337938,1.27349614066917,"n5"
"LOC107055786",0.9449812031268,0.0576219295277106,1.23941220302876,"n5"
"NFYA",0.931599423963234,0.0770108632676224,1.11344800827668,"n5"
"ANO9",0.92782293028277,0.0777049585219761,1.10955126704178,"n5"
"FOLR1",0.918752182018643,0.054717177460617,1.26187631342417,"n5"
"COL6A3",0.910284808340532,0.0985043860979877,1.00654443127149,"n5"
"WSCD2",0.909819949554432,0.00680648830871958,2.16707689711869,"n5"
"FEV",0.903593549604478,0.00680648830871958,2.16707689711869,"n5"
"ZDHHC22",0.897407678562747,0.00240200858431483,2.61942544484573,"n5"
"GABRG3",0.880145142673445,0.0354071288751467,1.45090928827252,"n5"
"TMPRSS3",0.872923362285562,0.0755184800372165,1.12194675968049,"n5"
"SYT9",0.870721331819237,0.0228633230810778,1.64086064660526,"n5"
"C26H6ORF132",0.860716981793379,0.0610850435155933,1.21406511240533,"n5"
"HYDIN",0.852076913302846,0.000863818091378542,3.06357770454461,"n5"
"RIT2",0.847361558788166,0.0167358461800103,1.77635232441653,"n5"
"PLCD4",0.84640767758265,0.0386922775477677,1.41237570560272,"n5"
"LOC107050646",0.841211934334806,0.0787796457649714,1.10358597634059,"n5"
"LOC101748568",0.837852440719185,0.0888940802486637,1.05112715917535,"n5"
"COL8A2",0.833941949269059,0.0943078295629694,1.02545225005335,"n5"
"CHGB",0.827189115016802,0.00457926928761713,2.3392038166847,"n5"
"FAM222A",0.827185951105644,0.0975320686722192,1.01085256422467,"n5"
"PTPRF",0.825207757459693,0.00320370600582066,2.49434734461902,"n5"
"ZFPM1",0.819452644866964,0.077245140507862,1.11212883251158,"n5"
"LOC417372",0.814791648513267,0.0289902968576887,1.53774733749095,"n5"
"HUNK",0.813339320429048,0.0111284271177416,1.95356621413404,"n5"
"PHACTR1",0.799960374779306,0.0331390996943229,1.47965929444109,"n5"
"PLXNA1",0.799550210343409,0.00573097350979221,2.24177159897161,"n5"
"WDR66",0.798844127638319,0.0169328565668417,1.77126977038681,"n5"
"SLCO2B1",0.795941444643771,0.0882111252601781,1.05447663783409,"n5"
"HTR1B",0.795506755387149,0.0238347514391483,1.62278937275599,"n5"
"CACNA1D",0.791019920567783,0.0810003941331389,1.0915128679185,"n5"
"RSBN1",0.789583863950714,0.015317639153292,1.81480816562422,"n5"
"LAMA5",0.771491363708666,0.00872571901233033,2.05919877637776,"n5"
"PCDH19",0.750681697827091,0.0439428540524843,1.35711173942753,"n5"
"SLITRK3",0.745105096737355,0.0466821621583374,1.33084903712348,"n5"
"FHL2",0.744351978427455,0.015317639153292,1.81480816562422,"n5"
"PROC",0.726823419583883,0.0971588566812344,1.01251760440573,"n5"
"TMEM8A",0.725812751148224,0.0633928849776959,1.19795948325905,"n5"
"BMP3",0.724012389976889,0.0485477636452636,1.31383077108844,"n5"
"AJAP1",0.719622368736452,0.096949128135593,1.01345609218201,"n5"
"C24H11ORF63",0.716326455767179,0.00840772732025778,2.07532138180709,"n5"
"ATF7",0.713032057601594,0.0342075474222907,1.46587806229984,"n5"
"DNAJB5",0.707102987091749,0.0397907509249859,1.40021786483701,"n5"
"NSMF",0.697395253617987,0.0752744142831172,1.12335261508587,"n5"
"ATHL1",0.696665138963921,0.0532725958337938,1.27349614066917,"n5"
"ANKDD1A",0.688367635817492,0.00805211397553594,2.09409008641677,"n5"
"MN1",0.678245513368269,0.0392382635011922,1.40629022067378,"n5"
"CCDC108",0.673830764739788,0.00843136213055557,2.07410225716695,"n5"
"PLEKHG4",0.667109210274694,0.00375582902158206,2.42529418655331,"n5"
"TET3",0.652552863194278,0.0771285648618243,1.11278474951896,"n5"
"SDK1",0.650515282359559,0.0983849225079262,1.00707145211062,"n5"
"PKD1",0.648489305107376,0.0778401468705071,1.10879635330252,"n5"
"WNK2",0.64788539950694,0.0724800937146574,1.13978125380072,"n5"
"ABCG4",0.639407635431897,0.0428834800714262,1.36770997810796,"n5"
"GALNT16",0.630816408749524,0.0003044381158061,3.51650097460854,"n5"
"LOC100858131",0.619009245122113,0.057866312254428,1.23757419378272,"n5"
"SRRM4",0.618442091352979,0.0635834312437478,1.19665603933385,"n5"
"GPC1",0.612278479054519,0.0289323575809483,1.53861617600707,"n5"
"LOC395991",0.6050567776462,0.0306078821931494,1.51416671887205,"n5"
"PRKAA2",0.60216632277193,0.0610040222414127,1.21464152925708,"n5"
"NEU3",0.602103042391696,0.0471908424669217,1.32614226941549,"n5"
"ZBTB40",0.601279240275862,0.00305378544815615,2.51516147872526,"n5"
"CACNA1I",0.591896840285457,0.0642136863503027,1.19237239758638,"n5"
"CACNA1H",0.590548984208979,0.0954777300697763,1.02009791465365,"n5"
"C5H14ORF37",0.585514428046725,0.0974737037186498,1.01111253168838,"n5"
"CACNA1C",0.581894263773194,0.0492005732904387,1.30802983675655,"n5"
"GLI3",0.576484267829209,0.0935981261761626,1.02873284570098,"n5"
"POU6F1",0.574970150741639,0.0787796457649714,1.10358597634059,"n5"
"FAIM2",0.57432385233933,0.00842396145209972,2.07448362914198,"n5"
"KCNA2",0.573941084755955,0.0436695694078017,1.35982109030302,"n5"
"RASAL2",0.573199784956733,0.00101933866910398,2.99168150030489,"n5"
"KCNH8",0.56973212219443,0.018102379555267,1.74226433342933,"n5"
"PRDM11",0.566732592409524,0.0356253603004499,1.44824073468292,"n5"
"ZNF516",0.563737137922338,9.62652208237805e-05,4.01653058860221,"n5"
"PSD3",0.551567125855745,0.0809031303950134,1.09203467385153,"n5"
"EPHB2",0.547611764705079,0.0942508709692041,1.02571462780258,"n5"
"RAB32",0.547331454074919,0.0852772149204438,1.06916699176537,"n5"
"KIAA2022",0.542559528369302,0.0681795495012462,1.1663458727136,"n5"
"NELL1",0.539366753605229,0.0423927869687181,1.37270803128861,"n5"
"AGAP3",0.530975800107912,0.00444570057353409,2.3520597912189,"n5"
"BCL11A",0.530891965746028,0.0995040831053364,1.00215909780972,"n5"
"KIF6",0.530689245125598,0.0888940802486637,1.05112715917535,"n5"
"JPH3",0.527498154189611,0.0256189977995942,1.59143786360848,"n5"
"SPEN",0.526367300700386,0.0668576430694332,1.17484893764446,"n5"
"FOXL2",0.524675105125298,0.0999434236925611,1.00024577731369,"n5"
"GPR139",0.523757668655657,0.00627108267355743,2.20265747375294,"n5"
"SKI",0.517891474328717,0.0986735922900218,1.00579906067642,"n5"
"PDE9A",0.513276182453772,0.0654964934702609,1.18378195050106,"n5"
"C10H15ORF59",0.51291967342339,0.0511328837993279,1.29129971318355,"n5"
"TMEM140",0.510994438768969,0.0866502949994261,1.06222995439952,"n5"
"ENC1",0.508402181538092,0.0200514694227002,1.69785379567289,"n5"
"SOX5",0.508186220460886,0.0405897012397056,1.39158414529333,"n5"
"TANC2",0.498354692542989,0.0364438259367214,1.43837603630976,"n5"
"SEMA6A",0.498262579829322,0.0985043860979877,1.00654443127149,"n5"
"NCOA1",0.492502857407194,0.0327069257034823,1.48536027558643,"n5"
"SSPO",0.487536558471007,0.0636600842653654,1.19613279084918,"n5"
"FOXP1",0.486179743034963,0.058689656419372,1.23143843292309,"n5"
"C20H20ORF112",0.485825227764848,0.0322137944670099,1.49195811656416,"n5"
"CHDH",0.480853081366961,0.0626360851791932,1.20317539396104,"n5"
"HSPB8",0.47767452815013,0.0803932425146971,1.0947804545092,"n5"
"PCDH17",0.476832401265752,0.0256189977995942,1.59143786360848,"n5"
"LSAMP",0.476695416655236,0.0261111575421617,1.58317387490129,"n5"
"ELAVL2",0.475564968708031,0.0803932425146971,1.0947804545092,"n5"
"NFAT5",0.474227339024363,0.0676167049058402,1.16994599707334,"n5"
"MYH1D",0.471365354939395,0.0169328565668417,1.77126977038681,"n5"
"UBTF",0.466780746999237,0.0532725958337938,1.27349614066917,"n5"
"C2CD3",0.466454722046571,0.038821913345753,1.4109230641299,"n5"
"INA",0.465582929185737,0.00219992205553156,2.65759270620152,"n5"
"NRF1",0.464485226964748,0.0502897805411506,1.29852025958638,"n5"
"KMT2A",0.457799994474249,0.0866502949994261,1.06222995439952,"n5"
"TCF3",0.456041928353486,0.060853835139604,1.21571204639888,"n5"
"ATXN1L",0.454876969952994,0.0771285648618243,1.11278474951896,"n5"
"DHX57",0.452564103407127,0.00094949526043356,3.02250719877603,"n5"
"CUX2",0.451837570339127,0.020802941322241,1.68187525591662,"n5"
"NPHP1",0.450309151226935,0.00536168918768975,2.27069836528481,"n5"
"PELI2",0.449481695719576,0.0418209206309001,1.37860641100857,"n5"
"PTPRD",0.447378725797303,0.0541838094180774,1.26613046495269,"n5"
"IGDCC4",0.446507601171041,0.0416094239956795,1.38080829615681,"n5"
"PTCH1",0.443479910364997,0.0441065614622555,1.35549679840334,"n5"
"EPHA7",0.441676492318768,0.0423917913389732,1.37271823117432,"n5"
"SGSM1",0.435492980702655,0.0985043860979877,1.00654443127149,"n5"
"SLC24A3",0.434679390754087,0.0543105105459844,1.26511611460267,"n5"
"GRIP2",0.429461313925943,0.0439428540524843,1.35711173942753,"n5"
"LOC425431",0.424220445568508,0.0985043860979877,1.00654443127149,"n5"
"MAP2",0.423082385462287,0.0279867117286994,1.55304812554144,"n5"
"C3ORF70",0.421370547112405,0.00539339630323889,2.26813766686439,"n5"
"CAPRIN2",0.420584267927484,0.0238347514391483,1.62278937275599,"n5"
"GPSM1",0.419184740749991,0.0897845295045373,1.0467984888296,"n5"
"DOT1L",0.418715678290844,0.0532725958337938,1.27349614066917,"n5"
"MLL3",0.417746920903384,0.00831952103109084,2.07990167605807,"n5"
"NEO1",0.416183313518475,0.0291512216882691,1.53534323982929,"n5"
"DNM1",0.41311489985874,0.0997546418743799,1.00106688618232,"n5"
"STK32B",0.412576364961929,0.0802529699599612,1.09553888648252,"n5"
"ZC3H6",0.411660277182015,0.0225347385130853,1.64714747699762,"n5"
"MAML3",0.408138335427806,0.0985043860979877,1.00654443127149,"n5"
"WHSC1L1",0.406887562551206,0.0387710844584298,1.41149205125678,"n5"
"BIN1",0.400828575086095,0.0109690671627977,1.9598303043556,"n5"
"CHGA",0.398890916550093,0.0736896316760964,1.13259361421189,"n5"
"ARHGAP39",0.394559580653426,0.0323026084496957,1.49076240678439,"n5"
"ZFHX4",0.393640157712802,0.0129139371318103,1.88894133217629,"n5"
"TIAM2",0.392785385767796,0.0425450512684249,1.37115094866531,"n5"
"ALKBH4",0.392587814937729,0.0892520049922394,1.04938201894367,"n5"
"AGBL4",0.39156496430479,0.0513354554376871,1.28958258065278,"n5"
"C10ORF10",0.390475766206251,0.0985043860979877,1.00654443127149,"n5"
"PTPN14",0.38957266276201,0.0985043860979877,1.00654443127149,"n5"
"NAV1",0.388844762011089,0.0954777300697763,1.02009791465365,"n5"
"UCKL1",0.388740397447868,0.0841973652522719,1.07470149845644,"n5"
"KCNQ5",0.382139857880021,0.0760852629070409,1.11869945437198,"n5"
"TTC28",0.381905211244206,0.0146662199855833,1.83368180510283,"n5"
"TESK1",0.380537422432047,0.0779923397829445,1.10794805055781,"n5"
"STK36",0.378724555757839,0.0603417406047588,1.21938216641594,"n5"
"NMNAT2",0.377053516037456,0.00844504327890192,2.07339812042807,"n5"
"KANK4",0.375592246107928,0.0786839852365301,1.10411365177249,"n5"
"SRCIN1",0.37460110626541,0.0763707571129545,1.11707290393258,"n5"
"SORL1",0.374518441211891,0.0562478922678307,1.24989374688061,"n5"
"NCOA6",0.374084174379941,0.0601121041990037,1.22103806946905,"n5"
"RASGRF1",0.374052103153817,0.0243406877007035,1.61366715575256,"n5"
"FGF13",0.373035281597468,0.058054798544833,1.23616187764094,"n5"
"GRIA1",0.37194063067753,0.0515910721477571,1.28742544667571,"n5"
"ASH1L",0.371840069383851,0.058054798544833,1.23616187764094,"n5"
"ANKS1A",0.371556795938247,0.0331390996943229,1.47965929444109,"n5"
"MAP4K4",0.367288226300613,0.0872100071744524,1.05943367778207,"n5"
"BCORL1",0.367006588903984,0.0321357337822812,1.4930117790286,"n5"
"TNRC18",0.366008091443952,0.0803932425146971,1.0947804545092,"n5"
"GGT7",0.365166816053773,0.0668843465405039,1.17467551162737,"n5"
"MBD5",0.360242128852123,0.00891673183990619,2.04979429405122,"n5"
"KCNB1",0.360236924532199,0.0754760595906427,1.12219078130402,"n5"
"RNPEPL1",0.359890176671879,0.0584021715629917,1.23357100425249,"n5"
"MTCP1NB",0.358653089203284,0.0536480815576569,1.27044580368536,"n5"
"LOC107055769",0.3567725846399,0.0175958039458885,1.7545908856184,"n5"
"EPHA3",0.356052393612646,0.0106743371777769,1.97165908295129,"n5"
"ARHGAP32",0.35572494841156,0.0860666286163806,1.06516520879197,"n5"
"EPS8L2",0.354099813749899,0.0539904824457974,1.26768279176174,"n5"
"SCMH1",0.353018766600071,0.0490921875524449,1.30898761526643,"n5"
"EP300",0.352337276948983,0.0572268476985917,1.24240017624454,"n5"
"CRIM1",0.347373238295488,0.00359482019778289,2.44432282685649,"n5"
"PIK3R3",0.347028814721804,0.0273654575373245,1.56279728626534,"n5"
"HECTD4",0.345834231410607,0.0887655844597393,1.05175538305386,"n5"
"ZNF618",0.345816568043365,0.0215442244132638,1.66666913578785,"n5"
"NF1",0.342124252259359,0.0700575097336714,1.15454530418856,"n5"
"ADCY5",0.341433686138482,0.0686604028902496,1.16329365251966,"n5"
"GTF2H4",0.339748976471106,0.0169528609607098,1.7707569998443,"n5"
"RBM15",0.335872452665686,0.0436695694078017,1.35982109030302,"n5"
"PLD1",0.333574318114337,0.0496367504827688,1.30419665774534,"n5"
"SUGP1",0.330599765806094,0.07032825559246,1.15287015460372,"n5"
"TSPAN5",0.32855198373272,0.0617605853073037,1.20928859682828,"n5"
"RNF169",0.327828702504393,0.00727550128472546,2.13813707826096,"n5"
"ASXL1",0.326192246853812,0.0803932425146971,1.0947804545092,"n5"
"INO80D",0.325887372447843,0.0892520049922394,1.04938201894367,"n5"
"CCDC13",0.325853333323913,0.0695091613920793,1.15795795109602,"n5"
"DGKZ",0.325579189774684,0.0786839852365301,1.10411365177249,"n5"
"UBE3B",0.325454864686329,0.0724800937146574,1.13978125380072,"n5"
"ANKRD50",0.323271440474743,0.0566609663701298,1.24671602272706,"n5"
"ALMS1",0.322210006007283,0.0262912860973328,1.58018816888362,"n5"
"ABL2",0.321877709683636,0.0916608622082973,1.03781606187909,"n5"
"SIX2",0.319005677101801,0.0955205564894731,1.0199031560681,"n5"
"TNRC6C",0.313231390766749,0.0628528119311284,1.20167528792465,"n5"
"SCN8A",0.311876431368548,0.0606566331932,1.21712169930386,"n5"
"DMD",0.311617806499604,0.0413504105417898,1.38352017425778,"n5"
"ADCK1",0.309607080082664,0.0868988283194407,1.06098607922259,"n5"
"LOC101749223",0.305732006532622,0.0232254418971714,1.63403601418352,"n5"
"UNC79",0.3030082755714,0.0668843465405039,1.17467551162737,"n5"
"TP53INP1",0.302640619203957,0.0697841604999364,1.15624314167638,"n5"
"RP11-152F13.10",0.301463401926265,0.0826457017903449,1.08277972814547,"n5"
"TOR1AIP2",0.299071529083745,0.0995040831053364,1.00215909780972,"n5"
"MICU1",0.297311350149266,0.0490921875524449,1.30898761526643,"n5"
"QSER1",0.295774175637274,0.0887655844597393,1.05175538305386,"n5"
"ATF7IP",0.295452349214088,0.0270045202971016,1.5685635330346,"n5"
"FBXL18",0.294369188378969,0.0416293866539989,1.38059998773792,"n5"
"NCOR1",0.29420199964401,0.0777049585219761,1.10955126704178,"n5"
"USP49",0.292872739746762,0.0635089930849818,1.19716477280813,"n5"
"SKIDA1",0.289764588813206,0.0988857113599359,1.00486645790582,"n5"
"KLHL28",0.284727657269499,0.0176263371409415,1.75383792733484,"n5"
"AMOT",0.280369676790973,0.0641229162815786,1.19298673434977,"n5"
"KIAA0753",0.279158002403121,0.0503354593782428,1.29812596351777,"n5"
"KIF13A",0.277583170114029,0.0152596483494412,1.81645547435341,"n5"
"GALNT18",0.275218537698434,0.0943803960916823,1.0251182043604,"n5"
"TMEM168",0.275107740192225,0.0959684432195272,1.01787155017542,"n5"
"ZCCHC14",0.274342915380635,0.0408156476739862,1.38917330760492,"n5"
"TELO2",0.267097180222447,0.0211099252465295,1.67551330459273,"n5"
"LZTR1",0.266486622185013,0.0263207859862788,1.57970114604566,"n5"
"MAPKBP1",0.262989929929703,0.0550816978910911,1.25899268109909,"n5"
"CSRP2BP",0.261383266041081,0.0204517538693687,1.68926944251592,"n5"
"BPTF",0.258379428253479,0.0251643284441614,1.59921465504974,"n5"
"RAPGEF6",0.257373045265506,0.0969765311125278,1.01333335482177,"n5"
"KIAA1147",0.256220622323039,0.035418145004903,1.45077418835291,"n5"
"SOBP",0.255865106388697,0.0771285648618243,1.11278474951896,"n5"
"DGCR2",0.25480107675107,0.0357681542479287,1.44650347026819,"n5"
"SIPA1L1",0.253883060576702,0.0945576488767655,1.0243033348188,"n5"
"TET2",0.253285294149354,0.0935981261761626,1.02873284570098,"n5"
"ARID1B",0.252236200601007,0.0752744142831172,1.12335261508587,"n5"
"AFF4",0.252202223567544,0.0698427435566896,1.15587870904864,"n5"
"CZH18ORF25",0.251573206290079,0.0916608622082973,1.03781606187909,"n5"
"DISP2",0.250633710261257,0.0687876627960825,1.16248944635805,"n5"
"CEP85L",0.250234923102631,0.0539904824457974,1.26768279176174,"n5"
"MPP3",0.250172377858093,0.0866502949994261,1.06222995439952,"n5"
"PLXNB2",0.249460029723654,0.0763707571129545,1.11707290393258,"n5"
"DLG5",0.248784222700353,0.0500334597740888,1.30073946495901,"n5"
"RNF145",0.248209578332624,0.0319730680433427,1.49521568808353,"n5"
"CTNNA1",0.248182211403321,0.0558733652858195,1.25279517003868,"n5"
"DAGLB",0.24808361125985,0.0814409652713859,1.08915708754229,"n5"
"NEK7",0.247111146116386,0.0887847570517588,1.05166158936268,"n5"
"LARGE",0.243297322282855,0.0954777300697763,1.02009791465365,"n5"
"FCHSD2",0.242176523687446,0.0699850684764537,1.15499460812855,"n5"
"CBL",0.240726674125605,0.0256033308743531,1.59170353131898,"n5"
"FHDC1",0.237214602612956,0.0985043860979877,1.00654443127149,"n5"
"LOC101748741",0.236720893367986,0.0354963468053167,1.44981634114017,"n5"
"TRAK2",0.236143863783622,0.0236293498125699,1.62654822829137,"n5"
"LOC100857269",0.234628536584114,0.0985043860979877,1.00654443127149,"n5"
"XRN2",0.234487451744657,0.0175958039458885,1.7545908856184,"n5"
"BRD3",0.233751464977878,0.0838052580075066,1.07672873253906,"n5"
"PRDM2",0.230722426946865,0.0469770884337681,1.32811390361487,"n5"
"MICAL3",0.229611570597788,0.0778272518067924,1.1088683048489,"n5"
"PHF21A",0.227937026067432,0.0439428540524843,1.35711173942753,"n5"
"LPHN3",0.226909955527949,0.0574219573714932,1.2409220075701,"n5"
"CAP2",0.224361915476709,0.0618663805603372,1.20854529126388,"n5"
"SMTNL2",0.223974032314148,0.00828607544250575,2.08165111688436,"n5"
"GALNS",0.221572018725458,0.0985043860979877,1.00654443127149,"n5"
"UNK",0.221216545488917,0.0869858433524558,1.06055142156735,"n5"
"MEF2D",0.220106438684617,0.0992376145888301,1.00332368357112,"n5"
"JAK1",0.218621716420706,0.0555808790268692,1.25507458901781,"n5"
"ZC3H7B",0.218504851174384,0.038821913345753,1.4109230641299,"n5"
"NEK9",0.217965483023178,0.0660824756471847,1.17991369541268,"n5"
"PAXIP1",0.21475577295413,0.0749600437044754,1.12517016891047,"n5"
"ZXDC",0.212756601003564,0.0232254418971714,1.63403601418352,"n5"
"RAB3GAP1",0.209299482466001,0.0267097454592741,1.57333025073413,"n5"
"KIAA0430",0.208860296963462,0.0110365483701912,1.95716672897652,"n5"
"SUPT3H",0.194073718090736,0.0293650408197283,1.53216939111694,"n5"
"MCM3AP",0.188905778132262,0.0545953165854572,1.26284461129401,"n5"
"CRY2",0.188268296600389,0.0866502949994261,1.06222995439952,"n5"
"PDS5A",0.187922647765896,0.0833858169059573,1.07890781223152,"n5"
"SCAF4",0.186751370613843,0.0865223905979459,1.06287148958947,"n5"
"NEDD4",0.184899335567065,0.0597088160529542,1.22396154021944,"n5"
"JMJD1C",0.184734688560916,0.0955205564894731,1.0199031560681,"n5"
"CHD9",0.183282941054023,0.0728763459327501,1.13741341129614,"n5"
"MIB2",0.182683633290416,0.0290623159384703,1.5366697802919,"n5"
"ANKHD1",0.179325572795994,0.0985043860979877,1.00654443127149,"n5"
"EHBP1",0.173841027873481,0.0805149510417596,1.09412346681186,"n5"
"USP5",0.173501856173674,0.0771285648618243,1.11278474951896,"n5"
"WWC1",0.16764625346231,0.0752744142831172,1.12335261508587,"n5"
"KDM4C",0.154635377682506,0.0229136944888759,1.63990488170651,"n5"
"ANKRD13C",0.148272827625921,0.0976758868897724,1.01021263672375,"n5"
"MTMR1",-0.120142255566963,0.0935981261761626,1.02873284570098,"hatch"
"POLR2B",-0.136618871886142,0.0500334597740888,1.30073946495901,"hatch"
"RAC3",-0.143036125080656,0.033588281937593,1.47381221003465,"hatch"
"ARPC1A",-0.147937136559443,0.0892520049922394,1.04938201894367,"hatch"
"ACTR2",-0.161628364652917,0.060853835139604,1.21571204639888,"hatch"
"SLC25A3",-0.165442551349616,0.0842210385941277,1.07457940726487,"hatch"
"ARL8A",-0.166026323489884,0.0897845295045373,1.0467984888296,"hatch"
"EIF4E",-0.16859481524453,0.0892520049922394,1.04938201894367,"hatch"
"LRPPRC",-0.171143970775792,0.0985043860979877,1.00654443127149,"hatch"
"SDF4",-0.171198305704958,0.0838272010670564,1.07661503439509,"hatch"
"SRSF5A",-0.171507294422423,0.0962730327196145,1.01649534715597,"hatch"
"RBBP4",-0.172157145513078,0.0437060774881149,1.35945816861234,"hatch"
"FBXW2",-0.172784968637061,0.0882111252601781,1.05447663783409,"hatch"
"ACTR1A",-0.176188927306275,0.0803932425146971,1.0947804545092,"hatch"
"COPS4",-0.185608458835758,0.0635089930849818,1.19716477280813,"hatch"
"BTF3L4",-0.189023500628046,0.0900209042178267,1.04565662909094,"hatch"
"USP1",-0.189341917519946,0.0805679791058814,1.09383752966824,"hatch"
"RARS",-0.192667769360682,0.0614760999702798,1.21129369184099,"hatch"
"RP11-512M8.5",-0.194086555442376,0.0653537820294045,1.1847292746944,"hatch"
"C1H12ORF66",-0.19696674739177,0.0866502949994261,1.06222995439952,"hatch"
"DR1",-0.197167334900938,0.0746274148266698,1.12710160254359,"hatch"
"FBXO9",-0.198781951691429,0.021580941288197,1.66592961677292,"hatch"
"CHMP4B",-0.199190497006941,0.058054798544833,1.23616187764094,"hatch"
"DPAGT1",-0.201830596861419,0.091755712189015,1.03736688952876,"hatch"
"VWA9",-0.202375816716863,0.0282578495062961,1.54886089213664,"hatch"
"ME1",-0.203581069216712,0.0718166513684916,1.14377484880742,"hatch"
"MRPL37",-0.205484818119564,0.0418209206309001,1.37860641100857,"hatch"
"SEC63",-0.205939051388552,0.0520555801030924,1.28353270941784,"hatch"
"ENTPD4",-0.206875312505715,0.00907181660032713,2.04230573824295,"hatch"
"LOC423693",-0.207062973858417,0.0787796457649714,1.10358597634059,"hatch"
"CEBPG",-0.210918143673446,0.0778401468705071,1.10879635330252,"hatch"
"NECAP1",-0.210986904266491,0.00603001072152323,2.21968191567175,"hatch"
"LMBR1",-0.212581537979407,0.0757615894046413,1.12055092283234,"hatch"
"NARFL",-0.214816145627859,0.0868902826280234,1.06102879014515,"hatch"
"SSPO",-0.215943083195363,0.0607784711435357,1.21625022861075,"hatch"
"BNIP3L",-0.216349897831689,0.0317016880022869,1.49891761252796,"hatch"
"CTBP1",-0.216876988370647,0.0425017683066379,1.37159300054171,"hatch"
"SSPO",-0.217600928822491,0.0761441715138881,1.11836333430079,"hatch"
"PMPCB",-0.21778152629137,0.0670751752315843,1.17343818407517,"hatch"
"FNDC3A",-0.220428073419893,0.0954777300697763,1.02009791465365,"hatch"
"EIF3D",-0.221205789984252,0.0887655844597393,1.05175538305386,"hatch"
"TM9SF3",-0.221947537416052,0.0411547641654512,1.38557988266306,"hatch"
"PHF5A",-0.222857484631891,0.00481967719637187,2.31698204817797,"hatch"
"COPS7A",-0.22358851619663,0.0635834312437478,1.19665603933385,"hatch"
"MYBBP1A",-0.223761904604812,0.0972376429276777,1.01216557714164,"hatch"
"U2AF1",-0.224491273916524,0.0373863530593855,1.42728689706649,"hatch"
"NSUN2",-0.225071135254092,0.00844504327890192,2.07339812042807,"hatch"
"KCMF1",-0.226888379570021,0.0225347385130853,1.64714747699762,"hatch"
"OSBPL11",-0.227266668763637,0.0565398611093591,1.24764526269321,"hatch"
"SLCO5A1",-0.227810277556475,0.0276041075607964,1.5590262890124,"hatch"
"PDHA1",-0.228417604932654,0.0992483046903202,1.00327690290165,"hatch"
"MRPL1",-0.231076862858515,0.0441065614622555,1.35549679840334,"hatch"
"EDEM1",-0.231616625809432,0.0487884272463725,1.31168318166701,"hatch"
"MB21D2",-0.232262663282842,0.0485808506304141,1.31353488514923,"hatch"
"NOP14",-0.233405192622373,0.0396565637543965,1.40168492016496,"hatch"
"TDP2",-0.234104645840601,0.0709082208099204,1.14930341156705,"hatch"
"POLB",-0.234447568598216,0.0319730680433427,1.49521568808353,"hatch"
"BIRC2",-0.234698044230568,0.075728588901946,1.12074013558009,"hatch"
"ADSS",-0.235039739652221,0.0574219573714932,1.2409220075701,"hatch"
"ATAD1",-0.235303725018806,0.0198125960323714,1.70305861539197,"hatch"
"ABCF2",-0.236263037829333,0.0816741894455011,1.08791516687509,"hatch"
"CASC4",-0.239241540193678,0.0555808790268692,1.25507458901781,"hatch"
"WDR43",-0.239278066759553,0.0463491511091771,1.33395821560743,"hatch"
"RUVBL1",-0.239440080023526,0.0761083734398564,1.11856755954124,"hatch"
"RER1",-0.241604565512394,0.0270496400071086,1.56783851037133,"hatch"
"STX12",-0.243234380601687,0.0169528609607098,1.7707569998443,"hatch"
"MOCS3",-0.243632612272368,0.0887847570517588,1.05166158936268,"hatch"
"OLA1",-0.244833295423938,0.0552078963914095,1.25799880064121,"hatch"
"EIF2S1",-0.245007017475913,0.0766337307560013,1.11558003119257,"hatch"
"GNPTG",-0.247085043374535,0.0866502949994261,1.06222995439952,"hatch"
"LOC107051991",-0.24754721301247,0.0502986664003506,1.29844352950961,"hatch"
"ARF6",-0.248018096243428,0.00828607544250575,2.08165111688436,"hatch"
"RAB2A",-0.249055650930772,0.00503185428136303,2.29827194421547,"hatch"
"COPB1",-0.249277728964865,0.00623293345628024,2.2053075096754,"hatch"
"CFAP20",-0.249638243522786,0.0671054016768258,1.17324251971151,"hatch"
"PAPSS1",-0.250658135177271,0.0772101026633825,1.11232587008006,"hatch"
"NMD3",-0.250888030510322,0.0325084327304206,1.4880039678443,"hatch"
"MOSPD1",-0.251314572365734,0.0515193215891118,1.28802986443794,"hatch"
"RAB1A",-0.252502791518779,0.000172709555509714,3.76268363353655,"hatch"
"RPS6KA6",-0.253124376257531,0.0826457017903449,1.08277972814547,"hatch"
"HBS1L",-0.253271245157848,0.0382527207149291,1.41733767032842,"hatch"
"FBXO33",-0.253315089618373,0.015317639153292,1.81480816562422,"hatch"
"SELT",-0.253922634001125,0.0541838094180774,1.26613046495269,"hatch"
"LOC107056260",-0.254103081339813,0.0101365724053415,1.99410887311848,"hatch"
"BECN1",-0.254684433328876,0.0364438259367214,1.43837603630976,"hatch"
"VPS37A",-0.254729933213254,0.0555808790268692,1.25507458901781,"hatch"
"ERGIC1",-0.256201702872182,0.00457926928761713,2.3392038166847,"hatch"
"MAEA",-0.2562828632753,0.049404327065957,1.30623501183404,"hatch"
"ALG1",-0.256568738959048,0.0764270148045703,1.1167531033775,"hatch"
"RALBP1",-0.256991919488346,0.0699112432033824,1.15545297491908,"hatch"
"AGPAT6",-0.258184945287409,0.0732524254020901,1.1351779911608,"hatch"
"TBP",-0.258434880490915,0.0243406877007035,1.61366715575256,"hatch"
"HMGB3",-0.258555849861603,0.0720138402776314,1.14258402886644,"hatch"
"PSMD10",-0.25887247873781,0.0742644578982792,1.12921898478243,"hatch"
"DUSP3",-0.260386228519509,0.0289865250455039,1.53780384549422,"hatch"
"VAMP4",-0.260672814444293,0.077245140507862,1.11212883251158,"hatch"
"EIF1AY",-0.261543986817551,0.0414841231792867,1.38211808485243,"hatch"
"CYP20A1",-0.261679387302831,0.053269835132721,1.27351864733119,"hatch"
"EIF2B1",-0.263120699243075,0.049404327065957,1.30623501183404,"hatch"
"VDAC2",-0.26326711457817,0.0392382635011922,1.40629022067378,"hatch"
"SETD3",-0.265499665085885,0.0432353403014197,1.36416111838265,"hatch"
"MMADHC",-0.266277710566085,0.0273431253629642,1.56315184637705,"hatch"
"PPP1CB",-0.266590888977727,0.00722618234201106,2.14109108385157,"hatch"
"SLC30A7",-0.267592856611897,0.0432207227274325,1.36430797521512,"hatch"
"MRPS31",-0.26813786400739,0.0722251491745209,1.14131155248682,"hatch"
"UGGT1",-0.26865693013361,0.0777049585219761,1.10955126704178,"hatch"
"SFXN1",-0.269490318425918,0.0500334597740888,1.30073946495901,"hatch"
"VCP",-0.270272661794709,0.0278642135072436,1.55495321079133,"hatch"
"PSMA2",-0.271383372046912,0.0872100071744524,1.05943367778207,"hatch"
"TMOD3",-0.271435609746299,0.0617965723147648,1.20903561335888,"hatch"
"FASTKD2",-0.271521440494029,0.0746274148266698,1.12710160254359,"hatch"
"PSMD12",-0.271554974310724,0.00877736229857285,2.05663597512824,"hatch"
"COMMD5",-0.271664905099841,0.0701877611000733,1.15373861080608,"hatch"
"LOC424201",-0.273028656524245,0.0256791639519661,1.59041911989284,"hatch"
"PEX10",-0.273649660727137,0.0681957547276662,1.16624265988507,"hatch"
"RHOA",-0.274038798624655,0.0997343065371453,1.00115542767647,"hatch"
"DENR",-0.274202034463066,0.0771285648618243,1.11278474951896,"hatch"
"PMM2",-0.275084784698257,0.038561582795649,1.41384514838672,"hatch"
"FAM98A",-0.275773364354924,0.000863818091378542,3.06357770454461,"hatch"
"COPA",-0.276637611173267,0.0176263371409415,1.75383792733484,"hatch"
"HS6ST2",-0.277696624971882,0.0435243631671398,1.36126757460513,"hatch"
"ATP5C1",-0.278011617351175,0.0532725958337938,1.27349614066917,"hatch"
"PDCD10",-0.278238150298196,0.0511328837993279,1.29129971318355,"hatch"
"EIF2B3",-0.279251974037417,0.0113733016087634,1.94411344363903,"hatch"
"TCP1",-0.279518633310165,0.00840772732025778,2.07532138180709,"hatch"
"MLEC",-0.279698449958857,0.00381592039818047,2.4184006934521,"hatch"
"AZIN1",-0.280343430528433,0.0188703491023535,1.72422006529223,"hatch"
"PARVA",-0.281482901135425,0.0688770949600589,1.161925178474,"hatch"
"ACAA2",-0.282192693866805,0.0392464070975235,1.40620009558476,"hatch"
"IDH3A",-0.282619203722421,0.0425450512684249,1.37115094866531,"hatch"
"CKAP4",-0.283264926950778,0.0654964934702609,1.18378195050106,"hatch"
"C8H1ORF27",-0.283860275719542,0.0177089485118758,1.75180722475273,"hatch"
"TXNDC15",-0.285063162532082,0.0860596948776513,1.06520019803022,"hatch"
"LOC420849",-0.285250815403415,0.00612706246059824,2.21274769235372,"hatch"
"ALDH18A1",-0.285589256558087,0.0456689058750877,1.34037939299348,"hatch"
"MTERF3",-0.285975265711002,0.0724865236930647,1.13974272763252,"hatch"
"GORASP2",-0.286227854429252,0.0761083734398564,1.11856755954124,"hatch"
"LOC422249",-0.28663889467601,0.00226594893850574,2.64474988086938,"hatch"
"GUF1",-0.287279616636527,0.0954777300697763,1.02009791465365,"hatch"
"TUB",-0.288262407875906,0.0985043860979877,1.00654443127149,"hatch"
"MCTS1",-0.288949784197252,0.0670751752315843,1.17343818407517,"hatch"
"UBE2A",-0.289397752524952,0.0132700086815232,1.87712879301074,"hatch"
"SDHB",-0.28944438471359,0.0592555953960112,1.22727063375878,"hatch"
"GPR137B",-0.289539072423011,0.0439428540524843,1.35711173942753,"hatch"
"HAT1",-0.289596043850065,0.0271694090348657,1.5659198078717,"hatch"
"PIGB",-0.289808454267157,0.0110365483701912,1.95716672897652,"hatch"
"HMBS",-0.289851648297379,0.0505766633453852,1.29604982541641,"hatch"
"GPN1",-0.289894130788547,0.0210430374712188,1.67689157146804,"hatch"
"EIF2AK1",-0.290442579804803,0.0273654575373245,1.56279728626534,"hatch"
"OCIAD1",-0.292388370100169,0.0945576488767655,1.0243033348188,"hatch"
"PGRMC2",-0.292887214005594,0.0160959513718532,1.79328334868727,"hatch"
"APP",-0.293223352266571,0.0397907509249859,1.40021786483701,"hatch"
"BLMH",-0.294325282775538,0.020802941322241,1.68187525591662,"hatch"
"PRMT3",-0.295136380295334,0.0254248945194338,1.59474084016423,"hatch"
"PAK1IP1",-0.295164619943514,0.0746879579051252,1.12674941474336,"hatch"
"USE1",-0.296538467279239,0.075030688318832,1.12476106938751,"hatch"
"EIF4H",-0.296978094790032,0.000545846499366115,3.26292947057537,"hatch"
"SDCBP",-0.297471575669001,0.0310245850209974,1.50829401883153,"hatch"
"EXT2",-0.297938017270677,0.00666711244312154,2.17606222028835,"hatch"
"DPH6",-0.298143357955474,0.0723650685081136,1.14047102240902,"hatch"
"TSTA3",-0.299647675262616,0.0665848303459312,1.17662470247328,"hatch"
"ETFA",-0.300480606355211,0.0877566583032425,1.05671992267233,"hatch"
"CCT2",-0.30108675930278,0.0351650244300117,1.45388907653536,"hatch"
"MRPL13",-0.301416914937437,0.0763707571129545,1.11707290393258,"hatch"
"TMEM59",-0.301724859539622,0.00795644515982894,2.09928092627048,"hatch"
"PSMA3",-0.303125748956611,0.0481360928667415,1.3175291636513,"hatch"
"ETF1",-0.30424571874285,0.000352631095759671,3.45267939333738,"hatch"
"GNL3",-0.305208729931651,0.00555776119024486,2.25510011822563,"hatch"
"MAGT1",-0.3056828510081,0.0439428540524843,1.35711173942753,"hatch"
"ENTPD6",-0.3057890237762,0.0161469510313917,1.79190947180046,"hatch"
"QRSL1",-0.306370110377847,0.0697091799064167,1.15671002649047,"hatch"
"MRPL40",-0.306620629511627,0.0477822798033583,1.3207331328951,"hatch"
"SRP54",-0.30666744893378,0.00111627879994686,2.95222732317918,"hatch"
"SSPO",-0.306669887140014,0.0386122482412847,1.41327491035841,"hatch"
"ENO1",-0.30809659882956,0.0279787485461545,1.55317171484971,"hatch"
"SLMO2",-0.309220908624722,0.0723625628214905,1.14048606039263,"hatch"
"EIF2AK3",-0.309707188614558,0.00323183935620022,2.49055023467026,"hatch"
"SEC23B",-0.309876855928433,0.00119950672271858,2.9209973136558,"hatch"
"GDI2",-0.310526000835241,0.00427803910644449,2.36875524977024,"hatch"
"TSR1",-0.311091252775212,0.0261111575421617,1.58317387490129,"hatch"
"SAMM50",-0.311641597391537,0.0125306633939403,1.90202593613266,"hatch"
"PSMB2",-0.312203398103232,0.0176263371409415,1.75383792733484,"hatch"
"HSPA14",-0.312264891429891,0.00727308903684856,2.13828109578133,"hatch"
"MITD1",-0.313766099088161,0.00520234842604458,2.28380056439676,"hatch"
"HSDL1",-0.314192120148811,0.0935981261761626,1.02873284570098,"hatch"
"PPA2",-0.314212548202057,0.0679937679619235,1.16753089117287,"hatch"
"GATAD1",-0.31427107120706,0.033000026379098,1.48148571296175,"hatch"
"RIOK1",-0.314276306063824,0.0854313121308911,1.06838292330075,"hatch"
"PDE4D",-0.315349479552262,0.0962730327196145,1.01649534715597,"hatch"
"IMP3",-0.315466285802298,0.049404327065957,1.30623501183404,"hatch"
"LAMP2",-0.315692195958828,0.00657722508289492,2.18195729565228,"hatch"
"COX18",-0.31622573391264,0.0469770884337681,1.32811390361487,"hatch"
"YIPF1",-0.316533850514601,0.00511713447406706,2.29097316997768,"hatch"
"PWP2",-0.317086693007478,0.0897845295045373,1.0467984888296,"hatch"
"EMC7",-0.317447446516514,0.0809031303950134,1.09203467385153,"hatch"
"POC1B",-0.317492467612016,0.0985043860979877,1.00654443127149,"hatch"
"GPR180",-0.318296399425813,0.095680124080047,1.01917827015286,"hatch"
"SLC35E1",-0.324747054728184,0.00255302377744988,2.59294514039857,"hatch"
"SLC35E3",-0.326391036835711,0.0175958039458885,1.7545908856184,"hatch"
"PLIN2",-0.326829324872997,0.0131018024996316,1.88266895153563,"hatch"
"RP11-1035H13.3",-0.327053751681219,0.0701877611000733,1.15373861080608,"hatch"
"MDH1",-0.327291834348183,0.0273654575373245,1.56279728626534,"hatch"
"SAT1",-0.327978822311104,0.0976758868897724,1.01021263672375,"hatch"
"COPB2",-0.328877770682103,5.97582765752312e-05,4.22360193603636,"hatch"
"BHLHA15",-0.330492193893315,0.0865353860238039,1.06280626464713,"hatch"
"PSMB7",-0.330572957477147,0.0803932425146971,1.0947804545092,"hatch"
"GMNN",-0.331082273590233,0.0971588566812344,1.01251760440573,"hatch"
"ARF1",-0.332169799110732,0.00461727611226198,2.33561415394219,"hatch"
"SNRPD3",-0.332728840238812,0.0639308691395528,1.19428939129668,"hatch"
"C1H12ORF23",-0.333326940112856,0.0682253343972958,1.16605432701689,"hatch"
"ERP44",-0.336024548997261,0.0106793718949801,1.97145428949528,"hatch"
"GRB10",-0.337345332838601,0.0432353403014197,1.36416111838265,"hatch"
"ATAD3A",-0.338565142340838,0.0281693959860399,1.55022246514565,"hatch"
"DPY30",-0.341271276431185,0.0682253343972958,1.16605432701689,"hatch"
"ITM2B",-0.342989903743942,0.0279787485461545,1.55317171484971,"hatch"
"GCC2",-0.343569721597809,0.0654964934702609,1.18378195050106,"hatch"
"LRRC59",-0.343765990742334,0.0328880471878412,1.4829619131006,"hatch"
"TRAPPC4",-0.345828481690815,0.051880361852675,1.28499700348094,"hatch"
"RANBP1",-0.346891416565189,0.0439428540524843,1.35711173942753,"hatch"
"UFL1",-0.346987989047017,0.00255302377744988,2.59294514039857,"hatch"
"TPI1",-0.347269516768322,0.0683266217280001,1.1654100515612,"hatch"
"RANGAP1",-0.347284092179396,0.00907181660032713,2.04230573824295,"hatch"
"PSMA1",-0.347291065931511,0.0236293498125699,1.62654822829137,"hatch"
"SLC35B3",-0.348690193197692,0.0317016880022869,1.49891761252796,"hatch"
"TMPO",-0.348721987757146,0.0505129708265212,1.29659708851352,"hatch"
"CRTAP",-0.349028668051838,0.0270273273890157,1.56819689760831,"hatch"
"ATP6V0E1",-0.349302898443592,0.0888940802486637,1.05112715917535,"hatch"
"BZW1",-0.349563141938711,0.00461727611226198,2.33561415394219,"hatch"
"ATP6AP2",-0.349652127070158,0.00317971578834634,2.49761169670394,"hatch"
"TMEM138",-0.350264283422923,0.0724865236930647,1.13974272763252,"hatch"
"MRPL22",-0.351331087345768,0.0830660786388842,1.08057629110803,"hatch"
"RAN",-0.351481813261369,0.0175958039458885,1.7545908856184,"hatch"
"PRDX3",-0.351672696975995,0.0109690671627977,1.9598303043556,"hatch"
"EBAG9",-0.353536067607569,0.0218989470159869,1.65957676717544,"hatch"
"CNPPD1",-0.353551713457015,0.0555808790268692,1.25507458901781,"hatch"
"GNPNAT1",-0.354218855286684,0.0315232245868261,1.50136936387803,"hatch"
"TRIP11",-0.355478661768132,0.0210592619027034,1.67655685429015,"hatch"
"INPP5A",-0.355919268258184,0.000347563567946035,3.45896575313599,"hatch"
"FAM114A1",-0.356521144341209,0.0380734197549232,1.41937811309918,"hatch"
"MSANTD4",-0.357036969349575,0.0685735936992378,1.16384309010219,"hatch"
"GPN3",-0.357402663800671,0.0359715120862925,1.44404130594211,"hatch"
"REST",-0.358111104851509,0.000566075084259997,3.24712596012429,"hatch"
"NDUFB9",-0.358351957225174,0.0746274148266698,1.12710160254359,"hatch"
"LOC107050492",-0.358513126126541,0.0843723815656045,1.07379969195949,"hatch"
"USP16",-0.358811295555567,0.0086391962061081,2.06352666255476,"hatch"
"NOCT",-0.359520324741503,0.0191731224406293,1.71730715429414,"hatch"
"BCAP29",-0.359747106915945,0.0598953604402071,1.22260681723096,"hatch"
"BCKDHB",-0.359895888687002,0.00352642742799746,2.45266504927707,"hatch"
"RPL35",-0.360056838568848,0.0753306870743347,1.12302807144659,"hatch"
"POLR3D",-0.360320932392033,0.0700383540368415,1.15466406877244,"hatch"
"CCT4",-0.360406157749877,0.000797464126228799,3.09828884448558,"hatch"
"NDUFS3",-0.360450793820772,0.059507985910939,1.22542474848445,"hatch"
"CGRRF1",-0.360451851164077,0.0369261913370376,1.43266548429617,"hatch"
"DUSP19",-0.360622081236501,0.0543123607256417,1.26510131987654,"hatch"
"DSTN",-0.360987388169295,0.00385999751375811,2.4134129750592,"hatch"
"PTTG1IP",-0.361539508201634,0.0423917913389732,1.37271823117432,"hatch"
"FAM18B1",-0.362563932951612,0.000396932948815724,3.40128284945531,"hatch"
"CETN1",-0.362622190583328,0.00463493153739416,2.33395667643891,"hatch"
"MRPS5",-0.363343594526974,0.0425450512684249,1.37115094866531,"hatch"
"METAP1D",-0.363655322291824,0.00162631286763633,2.78879590178173,"hatch"
"EIF2S2",-0.363757839082571,0.0555808790268692,1.25507458901781,"hatch"
"CEP95",-0.363808812411896,0.0425450512684249,1.37115094866531,"hatch"
"DDX18",-0.364143412515756,0.00317971578834634,2.49761169670394,"hatch"
"CHPF",-0.364612959045503,0.0637692222137287,1.19538888002303,"hatch"
"IARS",-0.364855923499528,0.0143078774678312,1.84442478779009,"hatch"
"EIF5",-0.36639724743542,0.00236214051696697,2.62669427102047,"hatch"
"AL021546.6",-0.367025261187912,0.0635834312437478,1.19665603933385,"hatch"
"MVK",-0.367676288816781,0.00465143573302535,2.33241297513379,"hatch"
"UXS1",-0.367851526121298,0.0132621489147773,1.87738609989687,"hatch"
"PIGY",-0.367925459595025,0.0672416126137955,1.17236187969309,"hatch"
"EPS8",-0.369285180639305,0.0545953165854572,1.26284461129401,"hatch"
"UCK2",-0.369549951581168,0.0270273273890157,1.56819689760831,"hatch"
"COX5A",-0.370172933025401,0.061942539781222,1.20801099157922,"hatch"
"NUP37",-0.370436978039341,0.0310245850209974,1.50829401883153,"hatch"
"MRPS25",-0.370964392224844,0.0850333603732359,1.07041065800781,"hatch"
"NASP",-0.371104714512919,0.0110721141934661,1.95576944372037,"hatch"
"RSL1D1",-0.371329771620943,0.0015180116606691,2.81872489237677,"hatch"
"SSPO",-0.372182972805168,0.000228724747781105,3.64068684263724,"hatch"
"JKAMP",-0.372326783142095,0.0493177866075174,1.30699642286528,"hatch"
"LOC418811",-0.373083262674567,0.0985043860979877,1.00654443127149,"hatch"
"BICC1",-0.374152384321134,0.00103457186145468,2.9852393378167,"hatch"
"DCXR",-0.374632760240062,0.0418209206309001,1.37860641100857,"hatch"
"EDF1",-0.374863698795112,0.0274007588851731,1.56223740889206,"hatch"
"LOC107049007",-0.37508369609156,0.0310245850209974,1.50829401883153,"hatch"
"PSMB1",-0.375266650329658,0.00376613837927424,2.42410372673807,"hatch"
"DUT",-0.375721959450535,0.0303297167526867,1.51813164551919,"hatch"
"MRPS27",-0.376772003300899,0.0635089930849818,1.19716477280813,"hatch"
"DRG1",-0.378395298275446,0.00226517734785033,2.64489779004074,"hatch"
"ALDH6A1",-0.378811626394231,0.00133152998389079,2.87564904950916,"hatch"
"BCCIP",-0.379267505218831,0.0346887533165789,1.45981130804089,"hatch"
"TMEM50A",-0.379759950787878,0.0118207102951443,1.9273564263318,"hatch"
"PARK7",-0.380301857236116,0.0668576430694332,1.17484893764446,"hatch"
"IER3IP1",-0.382576235316634,0.0618738476260853,1.20849287653179,"hatch"
"BTF3",-0.383020349422155,0.013778154980845,1.86080893448101,"hatch"
"ABCE1",-0.383301560144255,6.93789608801856e-05,4.15877220906849,"hatch"
"RPS8",-0.383362791271157,0.0491777247402943,1.30823156822831,"hatch"
"RPN1",-0.385439691488408,0.00171219356437782,2.76644713966514,"hatch"
"DERL1",-0.385867192187484,7.57899693249515e-05,4.12038826870941,"hatch"
"SLC25A20",-0.38633041284487,0.00161562169624892,2.79166032330478,"hatch"
"MARC2",-0.387030998551083,0.00128666371766743,2.89053494543824,"hatch"
"TMED10",-0.387416746477207,0.0030076786762271,2.52176856322519,"hatch"
"CHCHD4",-0.388822065436327,0.0176263371409415,1.75383792733484,"hatch"
"TSPAN13",-0.389016589738836,0.0685735936992378,1.16384309010219,"hatch"
"LOC107048987",-0.391918474917121,0.0787479474318599,1.10376075729245,"hatch"
"WIPI1",-0.392570570689507,0.0124293783584946,1.90555059156967,"hatch"
"RPF2",-0.393544410655855,0.0253678777266558,1.5957158642783,"hatch"
"VDAC1",-0.393723807699654,0.00569269367797109,2.24468218480711,"hatch"
"FAM60A",-0.395649107312534,0.0787796457649714,1.10358597634059,"hatch"
"ALDH7A1",-0.396539974748746,0.034779090005871,1.45868178549026,"hatch"
"C28H19ORF10",-0.397111114605503,0.0278642135072436,1.55495321079133,"hatch"
"CD164",-0.397896121110845,0.00518104847472644,2.28558234436454,"hatch"
"PSMA7",-0.399029829117373,0.0505766633453852,1.29604982541641,"hatch"
"TUSC3",-0.399201208793277,0.00317212914547206,2.49864913975792,"hatch"
"RP11-196G11.1",-0.39984697909985,6.48852504051467e-05,4.1878540149972,"hatch"
"ESRP1",-0.401313395644109,0.0104771595760124,1.9797564413661,"hatch"
"AVEN",-0.401752749493957,0.0637692222137287,1.19538888002303,"hatch"
"SNX3",-0.401875542926748,0.00561346990440322,2.25076860140273,"hatch"
"PPA1",-0.40226001701151,0.00470294225358117,2.32763035382994,"hatch"
"TBL2",-0.402303220447815,0.0242908209989016,1.61455780634485,"hatch"
"ERO1LB",-0.403810286876055,0.0146830280106843,1.83318437270851,"hatch"
"ATP6V0D1",-0.404595928461612,0.0892520049922394,1.04938201894367,"hatch"
"C6ORF57",-0.404768290652857,0.0537073563054944,1.26996622483905,"hatch"
"YBX1",-0.404921755595111,0.00844504327890192,2.07339812042807,"hatch"
"RFC3",-0.405304514594639,0.015317639153292,1.81480816562422,"hatch"
"C2H6ORF62",-0.407633021806812,0.0100285225452233,1.99876304481808,"hatch"
"SMG8",-0.408327374434266,0.00142706851110717,2.845555176653,"hatch"
"MBNL1",-0.408729729799599,0.0513386726875816,1.28955536378905,"hatch"
"ORC3",-0.409438141837346,0.0208747949041887,1.68037778278648,"hatch"
"ATF4",-0.410040524911791,0.000581376096084508,3.2355428286922,"hatch"
"MPC2",-0.410973797622412,0.0191731224406293,1.71730715429414,"hatch"
"TMEM39A",-0.412066403803879,0.0124235957359665,1.90575268899999,"hatch"
"AP000304.12",-0.412620692843583,0.0439428540524843,1.35711173942753,"hatch"
"C5H14ORF166",-0.41278214130189,0.00288675871326984,2.53958951465572,"hatch"
"C1H11ORF73",-0.41307535481212,0.00561346990440322,2.25076860140273,"hatch"
"YIPF5",-0.414999369110221,1.86979872604415e-06,5.72820514045438,"hatch"
"RPS2",-0.415267022638971,0.0101365724053415,1.99410887311848,"hatch"
"LYSMD2",-0.416434666109548,0.000863818091378542,3.06357770454461,"hatch"
"GXYLT2",-0.417518867593692,0.0697091799064167,1.15671002649047,"hatch"
"RCN1",-0.417816615491578,0.000172533324408702,3.76312700952377,"hatch"
"SRM",-0.418369075517717,0.0373863530593855,1.42728689706649,"hatch"
"SNRPA1",-0.418675514629511,0.000285076733086972,3.54503822676027,"hatch"
"NUDT6",-0.419147299304529,0.0685735936992378,1.16384309010219,"hatch"
"ATP5G3",-0.419461636734316,0.00581974126391942,2.235096322936,"hatch"
"CINP",-0.419920272340124,0.0528666628415416,1.27681810316111,"hatch"
"SNX24",-0.420183101778157,0.0572811906835388,1.24198796308295,"hatch"
"RPA2",-0.420827469255091,0.0244663753159336,1.61143036644265,"hatch"
"HMGN5",-0.422725471660416,0.0525508372372895,1.27942036042283,"hatch"
"ALG14",-0.423264664144967,0.0533451519862573,1.27290504318021,"hatch"
"USMG5",-0.424001290141805,0.0959684432195272,1.01787155017542,"hatch"
"CNIH1",-0.426273184659899,0.00142706851110717,2.845555176653,"hatch"
"C26H6ORF125",-0.426802150873001,0.0584021715629917,1.23357100425249,"hatch"
"CMPK1",-0.427723740231617,0.00416507520285352,2.38037715274712,"hatch"
"NDUFA8",-0.428274441380568,0.0687876627960825,1.16248944635805,"hatch"
"KIF11",-0.429167765540503,0.0772101026633825,1.11232587008006,"hatch"
"SURF4",-0.429292961122392,4.39812135841709e-05,4.35673279121813,"hatch"
"RP11-156P1.2",-0.429548031364332,0.000286191813119202,3.54334279394455,"hatch"
"PSMA6",-0.429719822199937,0.00284915354444412,2.54528414545763,"hatch"
"SEP15",-0.43004742475,0.038856517847009,1.41053612158464,"hatch"
"TMEM241",-0.430236129915503,0.0124074955262197,1.90631587272451,"hatch"
"RBM41",-0.430423534221343,0.0108994070181471,1.96259712919258,"hatch"
"SCCPDH",-0.433629450284888,0.0491777247402943,1.30823156822831,"hatch"
"RP11-292K15.2",-0.434680846738245,0.0954777300697763,1.02009791465365,"hatch"
"BUB1B",-0.434840937877427,0.0709082208099204,1.14930341156705,"hatch"
"MRPL16",-0.434952320802143,0.0772101026633825,1.11232587008006,"hatch"
"HMGB2",-0.435264184677191,0.0985043860979877,1.00654443127149,"hatch"
"CARS",-0.436177053519856,0.0028982487541384,2.53786434215216,"hatch"
"ATP5H",-0.437106183334186,0.0211099252465295,1.67551330459273,"hatch"
"EPCAM",-0.43757955760462,0.0180000898836641,1.74472532623659,"hatch"
"TMED7",-0.437786544878697,0.000142140801191398,3.84728124094071,"hatch"
"RFC5",-0.438201525236738,0.0326072665039817,1.486685606959,"hatch"
"TTC19",-0.438377634421323,0.0172316803715616,1.7636723696493,"hatch"
"RPL32",-0.438989758017608,0.0974737037186498,1.01111253168838,"hatch"
"MDH2",-0.440078678744007,0.00320313598156747,2.49442462399905,"hatch"
"RPL23A",-0.440246188961177,0.0176263371409415,1.75383792733484,"hatch"
"SPCS1",-0.440334530508678,0.0384437893891631,1.4151738106577,"hatch"
"COX6A1",-0.441258094025393,0.0935981261761626,1.02873284570098,"hatch"
"ALG8",-0.441723177591463,0.00828607544250575,2.08165111688436,"hatch"
"C9ORF85",-0.44226983552095,0.0423927869687181,1.37270803128861,"hatch"
"FAM46A",-0.442377564767674,0.0501673916067552,1.29957847900497,"hatch"
"ARF4",-0.442451105128685,9.63146062526922e-05,4.01630784647955,"hatch"
"TALDO1",-0.44405082638566,8.2945431889301e-05,4.08120752717909,"hatch"
"LEPROTL1",-0.444073461444674,0.00135472012115595,2.8681504187324,"hatch"
"COX7C",-0.444208099350094,0.0570749652987677,1.24355434388605,"hatch"
"TM2D3",-0.444577982555665,0.00142706851110717,2.845555176653,"hatch"
"COMMD1",-0.445020177646204,0.0699112432033824,1.15545297491908,"hatch"
"GOLT1B",-0.445483976016976,0.0279787485461545,1.55317171484971,"hatch"
"C4BPA",-0.447780722566594,0.00229937674001891,2.63838986617883,"hatch"
"COX4I1",-0.448017444538901,0.0787796457649714,1.10358597634059,"hatch"
"TXNL1",-0.448382599927683,0.000863818091378542,3.06357770454461,"hatch"
"WDR77",-0.448671805106305,6.48084578571671e-05,4.1883683126325,"hatch"
"TRIB1",-0.449184454805058,0.0644036969816489,1.19108920200904,"hatch"
"KARS",-0.450160108670166,0.000159016016189276,3.79855913107377,"hatch"
"ARL1",-0.450397548279908,0.00171219356437782,2.76644713966514,"hatch"
"RPL10A",-0.451128740776321,0.0481360928667415,1.3175291636513,"hatch"
"WSB2",-0.453386022779971,0.0318647547041756,1.49668942038302,"hatch"
"UAP1",-0.455457997126848,0.0239569648349317,1.62056820460232,"hatch"
"RPS20",-0.457555353461386,0.0320655008401689,1.49396197232485,"hatch"
"C1H12ORF5",-0.457624959272693,0.00227267993505391,2.64346172231614,"hatch"
"DPM1",-0.45837591579838,0.0254248945194338,1.59474084016423,"hatch"
"SGSM3",-0.458561748834801,0.00240200858431483,2.61942544484573,"hatch"
"RPSA",-0.458579981721619,0.000698081443779391,3.15609390614391,"hatch"
"MRPL33",-0.460354614737498,0.0184954214066503,1.73293576910674,"hatch"
"TSR3",-0.462263275899429,0.0242908209989016,1.61455780634485,"hatch"
"RPL11",-0.463617986502388,0.0408156476739862,1.38917330760492,"hatch"
"NDUFB2",-0.464913079001407,0.0614278422528012,1.21163473967246,"hatch"
"SELM",-0.466730858343904,0.0709082208099204,1.14930341156705,"hatch"
"THAP5",-0.468035906085976,0.000644268925281198,3.19093281526914,"hatch"
"MEST",-0.47117685543684,0.0152596483494412,1.81645547435341,"hatch"
"SCYL1",-0.472366140195804,0.0946075523762522,1.02407419314989,"hatch"
"UQCRQ",-0.472549340671447,0.0592500179840022,1.22731151349758,"hatch"
"ENTPD7",-0.472737710939496,0.00266509583487856,2.57428716944769,"hatch"
"HIGD2A",-0.473212069431505,0.0802529699599612,1.09553888648252,"hatch"
"ANAPC10",-0.477956963932914,0.0273431253629642,1.56315184637705,"hatch"
"RPL6",-0.478194165803226,0.0191158852631313,1.71860558485445,"hatch"
"CNPY2",-0.478600992932123,0.097937050931999,1.00905297754102,"hatch"
"SLC17A5",-0.479695415888377,0.0311636449902649,1.50635175168693,"hatch"
"EMC3",-0.48068645334215,0.00142440811061808,2.84636556210629,"hatch"
"SRPRB",-0.483285569116487,0.0010106327286662,2.9954066415332,"hatch"
"TBCA",-0.485081097196616,0.0855043607211717,1.06801173569465,"hatch"
"TACC3",-0.48607200734612,0.0231534004036718,1.63538521768694,"hatch"
"SMIM18",-0.486919034275417,0.000101235212460553,3.99466840135581,"hatch"
"ARFGAP3",-0.48779410411109,0.000486460925935395,3.31295203788721,"hatch"
"SCG3",-0.48792184129786,0.0724865236930647,1.13974272763252,"hatch"
"C1D",-0.489840049911628,0.0537893839140617,1.26930342995604,"hatch"
"AIMP2",-0.491553332872126,0.000753907336885879,3.12268203019413,"hatch"
"SLC41A3",-0.492490985298303,0.0543123607256417,1.26510131987654,"hatch"
"LOC421856",-0.493468459792899,0.0954777300697763,1.02009791465365,"hatch"
"QDPR",-0.494076900977983,0.00094949526043356,3.02250719877603,"hatch"
"PDE10A",-0.494668666122149,0.00527433195644338,2.27783254001192,"hatch"
"COQ9",-0.495232388331758,0.0632527475431966,1.1989206050623,"hatch"
"ACYP2",-0.499094288806497,0.017640839001277,1.75348076359422,"hatch"
"DDRGK1",-0.50058229150064,0.000940308181808024,3.02672978499259,"hatch"
"ADHFE1",-0.500701639139564,0.0787479474318599,1.10376075729245,"hatch"
"SCFD1",-0.500815826011249,4.33780767309104e-06,5.36272970736261,"hatch"
"SFXN4",-0.501563439930238,0.00436601297377021,2.35991497810273,"hatch"
"TMEM167A",-0.502086454267263,0.0282578495062961,1.54886089213664,"hatch"
"RP3-461F17.3",-0.502282324677801,0.00603001072152323,2.21968191567175,"hatch"
"NEIL1",-0.503947624586801,0.0728763459327501,1.13741341129614,"hatch"
"UBA5",-0.504563899536049,8.3445061938679e-06,5.07859935864006,"hatch"
"PTRH2",-0.504798194642993,0.0382527207149291,1.41733767032842,"hatch"
"POLR2L",-0.505812942723675,0.0334539054074318,1.47555317541807,"hatch"
"AC005943.2",-0.506948869494316,0.0785978338670285,1.10458942282268,"hatch"
"NOP58",-0.507079196351909,0.00462307718250111,2.33506885593364,"hatch"
"NDUFV2",-0.507112781147546,0.000462880103629736,3.3345314864661,"hatch"
"OSER1",-0.507345387464718,0.000397653607510169,3.40049507327748,"hatch"
"SERP1",-0.507696567596899,0.0105089781853791,1.97843950947366,"hatch"
"NDUFC2",-0.509866880821709,0.0208925225886356,1.68000911960882,"hatch"
"MGAT2",-0.510448956064626,0.000408915388231985,3.38836654584457,"hatch"
"NT5C3A",-0.510555277526268,0.00336703330819317,2.47275258735621,"hatch"
"ALG12",-0.510596560957403,0.000142842914559007,3.84514129706802,"hatch"
"PPIB",-0.513367972020837,0.000209605705719459,3.67859689950916,"hatch"
"NDUFB5",-0.515122780065638,0.00120519620976776,2.9189422428131,"hatch"
"ATP5D",-0.516017033765205,0.049404327065957,1.30623501183404,"hatch"
"FARSA",-0.516976589081705,0.0761083734398564,1.11856755954124,"hatch"
"MCM5",-0.51794876951777,0.0335684838247414,1.4740682739268,"hatch"
"RPL30",-0.521219850425297,0.0359524995260504,1.44427091077107,"hatch"
"PGAM1",-0.52184464339923,0.0232254418971714,1.63403601418352,"hatch"
"CHKA",-0.522093458807565,0.0145559857239965,1.83695837902649,"hatch"
"UTP23",-0.52329609572312,0.0291512216882691,1.53534323982929,"hatch"
"SLC33A1",-0.523765702811418,8.08066539976932e-08,7.0925528759148,"hatch"
"TMEM214",-0.524433575039702,0.0635000050284058,1.19722624031733,"hatch"
"SEL1L",-0.525495085100118,3.06661328400869e-05,4.51334098737266,"hatch"
"SELK",-0.526225544656772,0.0498948624427509,1.3019441703612,"hatch"
"SEC61A2",-0.526453015138649,4.64290938564902e-07,6.33320979225384,"hatch"
"SLC17A9",-0.531131786913299,0.0209041395956166,1.67976770309878,"hatch"
"NDUFB7",-0.531757690585822,0.0865353860238039,1.06280626464713,"hatch"
"ECT2",-0.533613266058266,0.0500334597740888,1.30073946495901,"hatch"
"DGUOK",-0.540123892901477,0.0319730680433427,1.49521568808353,"hatch"
"FAM204A",-0.540435293177474,0.0106793718949801,1.97145428949528,"hatch"
"MND1",-0.541132584352609,0.0746274148266698,1.12710160254359,"hatch"
"B4GALT7",-0.541987689803302,0.00372994294029669,2.42829781186526,"hatch"
"GABARAPL1",-0.544057386997502,0.0769257895996878,1.11392803727059,"hatch"
"LMNB1",-0.54461779583617,0.0215442244132638,1.66666913578785,"hatch"
"OSBPL7",-0.544652891130973,0.0491777247402943,1.30823156822831,"hatch"
"TMEM258",-0.549959761639991,0.00569269367797109,2.24468218480711,"hatch"
"CCDC167",-0.552815591687075,0.00536168918768975,2.27069836528481,"hatch"
"FKBP7",-0.557359381353323,0.00281277032432658,2.55086572853508,"hatch"
"FICD",-0.559886566341441,0.00185750500496932,2.73107000737755,"hatch"
"RAD1",-0.560470789465475,0.031627752100039,1.49993167388386,"hatch"
"BOLA3",-0.560751193805613,0.0627904991061405,1.20210606482856,"hatch"
"ITGB1BP3",-0.561996014947019,7.57899693249515e-05,4.12038826870941,"hatch"
"PSMD7",-0.564327976278593,0.000692802685497638,3.15939043754015,"hatch"
"NIP7",-0.566097410156327,0.0117911520697633,1.92844375952772,"hatch"
"TRAM1",-0.566753275991604,0.00020676978212287,3.68451292987304,"hatch"
"CHTF8",-0.569480897647961,0.0316633283211449,1.49944343579288,"hatch"
"STK16",-0.569512338213341,0.0212924597040597,1.67177416598316,"hatch"
"PRPS1",-0.570957620285571,0.0997343065371453,1.00115542767647,"hatch"
"CTC-487M23.8",-0.573090992801792,0.000648273204321038,3.18824192912363,"hatch"
"KIAA1524",-0.573690386362424,0.0541838094180774,1.26613046495269,"hatch"
"DCK",-0.574916612557212,0.00504744621679272,2.29692829999692,"hatch"
"PAM",-0.578987305502176,1.24657335019949e-05,4.90428216188572,"hatch"
"SS18L2",-0.579426601010055,0.0330495854169156,1.48083398405353,"hatch"
"ALG5",-0.580931624350996,7.57899693249515e-05,4.12038826870941,"hatch"
"ALG14",-0.58125518580452,0.00741414457962274,2.12993894925869,"hatch"
"JMJD8",-0.582131136757847,0.00604181006057922,2.21883293198213,"hatch"
"HELLS",-0.582625721450716,0.00531715317119463,2.27432082878748,"hatch"
"PLS1",-0.583883876007089,4.33532813075168e-05,4.36297802621967,"hatch"
"SSPO",-0.585010950787889,1.35535449078088e-05,4.86794710091125,"hatch"
"RRP15",-0.585917581427545,0.000242299438799852,3.61564759174945,"hatch"
"PEX11G",-0.587305347951198,0.0701877611000733,1.15373861080608,"hatch"
"COPE",-0.58803474818736,0.00020676978212287,3.68451292987304,"hatch"
"CTSL2",-0.588200094713873,0.000692802685497638,3.15939043754015,"hatch"
"MRPL48",-0.590764982368807,0.000224124886728753,3.64950991691929,"hatch"
"LAPTM4B",-0.591829414265673,0.0176263371409415,1.75383792733484,"hatch"
"C2ORF47",-0.591955568809938,0.000223536803519127,3.65065096358611,"hatch"
"KIF20A",-0.593920870884905,0.00549573048836763,2.25997457330744,"hatch"
"RIPK3",-0.594122677194004,0.0320655008401689,1.49396197232485,"hatch"
"SSPO",-0.595804608077961,0.00229937674001891,2.63838986617883,"hatch"
"PRELID1",-0.598457181899057,0.000386723494876442,3.41259944213632,"hatch"
"FAM13C",-0.598501114925216,0.0469770884337681,1.32811390361487,"hatch"
"CBS",-0.599144251864408,0.0701877611000733,1.15373861080608,"hatch"
"GCSH",-0.599711755996162,0.0210716779680505,1.67630087952007,"hatch"
"RASL11B",-0.601182049187287,0.0882111252601781,1.05447663783409,"hatch"
"DAD1",-0.604674857986193,0.00824148007974987,2.08399478675609,"hatch"
"CNTN4",-0.607942609499335,0.0713061011495954,1.14687330910688,"hatch"
"MYBL1",-0.607948699403741,0.0828069929899482,1.08193298581529,"hatch"
"RPN2",-0.609852902346753,8.87718363278955e-09,8.05172479624201,"hatch"
"SEC13",-0.610793729148945,6.26835413211526e-08,7.20284647594323,"hatch"
"STT3B",-0.615526080836322,0.00226517734785033,2.64489779004074,"hatch"
"DTYMK",-0.618188169576953,0.00844504327890192,2.07339812042807,"hatch"
"DUSP6",-0.620688345494421,0.0123173207598161,1.90948374880862,"hatch"
"HDLBP",-0.621099782153218,9.44621987500404e-05,4.02474194978307,"hatch"
"SLC16A1",-0.621689964427584,0.0772101026633825,1.11232587008006,"hatch"
"NUS1",-0.624247494919331,7.99743346076921e-09,8.09704936459065,"hatch"
"LSM1",-0.627355837413365,0.0211144332076924,1.67542057221092,"hatch"
"ABCC8",-0.628173333912478,0.0773861099050396,1.11133698418715,"hatch"
"LOC107056124",-0.630552572651328,0.00710321334735991,2.14854514095379,"hatch"
"TBC1D30",-0.631951814338663,0.000377764233579005,3.42277916312828,"hatch"
"NUCB2",-0.632082898069708,1.03707834470516e-05,4.98418843417226,"hatch"
"SPATA5",-0.632422429801874,0.0047915111316855,2.31952749855738,"hatch"
"RPS21",-0.633544693966298,0.0204008353557884,1.69035204909461,"hatch"
"TMEM208",-0.63434714804525,0.00123222974174697,2.90930831305542,"hatch"
"CDK6",-0.641519689858192,0.00569269367797109,2.24468218480711,"hatch"
"CDK2",-0.642610809143904,0.0340989216386253,1.46725935513653,"hatch"
"C14H16ORF88",-0.643176436679048,0.0218989470159869,1.65957676717544,"hatch"
"PSMB3",-0.645089953840169,0.0152596483494412,1.81645547435341,"hatch"
"NABP1",-0.645380666472683,0.000139273279012359,3.85613219937402,"hatch"
"ATOX1",-0.647615922152483,0.00376613837927424,2.42410372673807,"hatch"
"PLS3",-0.648964592645493,0.0477023785419187,1.32145996557464,"hatch"
"MTHFD2",-0.649876453553503,2.24746848172661e-07,6.64830639005444,"hatch"
"ELAVL2",-0.650370969238612,5.97582765752312e-05,4.22360193603636,"hatch"
"MRPS21",-0.651567231223973,0.0964059712940539,1.01589606547743,"hatch"
"OLFM1",-0.654961586456636,0.0106743371777769,1.97165908295129,"hatch"
"DUSP10",-0.660376098227132,0.0319731822189679,1.49521413722343,"hatch"
"MAFF",-0.66079663696953,0.000649358463937435,3.18751549436676,"hatch"
"ATP6V1G3",-0.670290597245232,0.0148271693578527,1.82894175184436,"hatch"
"CENPM",-0.672044638938193,0.0125306633939403,1.90202593613266,"hatch"
"ALG2",-0.673193474479472,1.9908238498799e-06,5.70096716509037,"hatch"
"TXNDC11",-0.674677009937256,6.19284144368566e-06,5.20811003915947,"hatch"
"SPC25",-0.681506878808723,0.0110544883605539,1.95646135325082,"hatch"
"LOC100858130",-0.68254171645756,0.0243406877007035,1.61366715575256,"hatch"
"SRPR",-0.684502570761357,0.00079317734779103,3.10062969722749,"hatch"
"DDIT3",-0.684901616802963,0.059390750838512,1.2262811841865,"hatch"
"VIMP",-0.685606536384806,6.44779055602676e-07,6.19058907818795,"hatch"
"LOC100857622",-0.686247821538263,0.0113501688862599,1.94499767628363,"hatch"
"P4HB",-0.688089785507732,1.15703537086427e-07,6.93665336435303,"hatch"
"LOC100859104",-0.693100950199007,0.0225347385130853,1.64714747699762,"hatch"
"BET1",-0.693756948455571,0.000616993247869536,3.20971958868807,"hatch"
"ZWILCH",-0.696176898374949,0.0320426014791219,1.49427223159646,"hatch"
"SLC1A4",-0.696636298859397,0.0334255855022278,1.47592097664161,"hatch"
"FAM19A1",-0.697561238084755,0.0313783076203134,1.50337048366111,"hatch"
"INCENP",-0.697935087609385,0.0565398611093591,1.24764526269321,"hatch"
"HERPUD1",-0.698379804935704,0.00871901535729101,2.05953255738856,"hatch"
"CCNA2",-0.699105955751341,0.0254248945194338,1.59474084016423,"hatch"
"XBP1",-0.699315008644956,1.47688910887202e-05,4.83065211214434,"hatch"
"DNAJB9",-0.700184250859041,9.63146062526922e-05,4.01630784647955,"hatch"
"LOC107049885",-0.701883645206855,0.0270623704224438,1.56763416574653,"hatch"
"B3GALT2",-0.702265895405457,0.00372187824015904,2.42923783875281,"hatch"
"ABCC9",-0.704164024126808,0.00379915273339041,2.42031324660445,"hatch"
"HM13",-0.707478645447899,2.53741811776896e-08,7.59560796349247,"hatch"
"CDK5RAP3",-0.707905931211977,0.0270623704224438,1.56763416574653,"hatch"
"SPCS2",-0.708146054786184,9.46392777959825e-05,4.02392858252231,"hatch"
"LOC419662",-0.709298070705962,0.000228724747781105,3.64068684263724,"hatch"
"LOC100858799",-0.709665118398207,0.0202709142832433,1.69312666279131,"hatch"
"LOC107049088",-0.711733158149266,0.00160706426175649,2.79396675673495,"hatch"
"GARS",-0.712323054150788,3.89699863108351e-12,11.4092697467639,"hatch"
"RHOBTB3",-0.715233617694501,0.0164392963412656,1.78411677570385,"hatch"
"LOC107054267",-0.716758854460795,0.0582256050442518,1.23488598985185,"hatch"
"UFM1",-0.717708101991761,6.19284144368566e-06,5.20811003915947,"hatch"
"ECM1",-0.722723306828132,0.0604109056262213,1.21888465366761,"hatch"
"KIF23",-0.724959232672462,0.088930566574809,1.05094894079432,"hatch"
"SSPO",-0.725543943778517,0.00457926928761713,2.3392038166847,"hatch"
"MCFD2",-0.728526303026245,5.61297946740843e-05,4.25080654645083,"hatch"
"PCNA",-0.732130006730083,9.98834769330629e-05,4.00050634831347,"hatch"
"TRIAP1",-0.733103058151411,0.00266999635774563,2.5734893310744,"hatch"
"ERP29",-0.733790557590271,8.87718363278955e-09,8.05172479624201,"hatch"
"IFRD1",-0.736910896393181,2.90029321667684e-07,6.53755809315365,"hatch"
"KDELR3",-0.746905944224229,0.000247390821669421,3.60661641696343,"hatch"
"PRDX4",-0.749067571204899,2.24659514586913e-07,6.64847518381437,"hatch"
"HOMER2",-0.749786272077298,0.00173096436060139,2.7617118738655,"hatch"
"KRTCAP2",-0.750383993998962,0.000459612891420016,3.33760779853454,"hatch"
"CTSK",-0.752125850459335,0.0935981261761626,1.02873284570098,"hatch"
"ELAVL4",-0.753034806803055,0.0252399043026053,1.59791229605743,"hatch"
"DHODH",-0.760836734419825,0.0176263371409415,1.75383792733484,"hatch"
"SEC11C",-0.760847168716657,0.000813994739652531,3.08937840167992,"hatch"
"UCHL1",-0.762613401377286,0.00694046818116524,2.15861123247908,"hatch"
"RPLP2",-0.765313525083977,0.0317016880022869,1.49891761252796,"hatch"
"ALDOB",-0.768620448575101,0.081642794651595,1.08808213770176,"hatch"
"RASSF5",-0.770331268109699,0.00196679159835088,2.70624165557694,"hatch"
"EME1",-0.770823185015531,0.0483725045367534,1.31540142598073,"hatch"
"CKS2",-0.771586780457369,0.0649293758539042,1.1875587718463,"hatch"
"PIM3",-0.773587526621535,0.0726818871276627,1.13857380510519,"hatch"
"LOC431092",-0.774897183905138,0.0573236172793817,1.24166641222257,"hatch"
"KCTD14",-0.776189306190796,6.48084578571671e-05,4.1883683126325,"hatch"
"TMSB10",-0.777274498553016,0.000863818091378542,3.06357770454461,"hatch"
"ADARB2",-0.781676560898053,0.00148967451992582,2.82690861054165,"hatch"
"CALN1",-0.785886861409,0.0778401468705071,1.10879635330252,"hatch"
"SLC7A3",-0.787677072907857,0.000568817282236006,3.24502721701508,"hatch"
"HSP90B1",-0.788176486907014,1.41201293800429e-05,4.85016132390877,"hatch"
"SMTNL1",-0.79510878997694,0.0086391962061081,2.06352666255476,"hatch"
"CCDC80",-0.809715016405547,0.0765747550001006,1.11591438403852,"hatch"
"MFSD4",-0.810120325366216,0.0537893839140617,1.26930342995604,"hatch"
"PTTG1",-0.816403590777638,0.0195657317732174,1.70850390451632,"hatch"
"ERO1L",-0.81799640474869,3.06661328400869e-05,4.51334098737266,"hatch"
"DIAPH3",-0.821139575615724,0.0803932425146971,1.0947804545092,"hatch"
"DDOST",-0.823409928353082,1.29689156968536e-05,4.88709633282559,"hatch"
"TMPRSS13",-0.839606656600001,6.00565259537519e-05,4.22143979372799,"hatch"
"SEC61G",-0.84426922635175,0.000159016016189276,3.79855913107377,"hatch"
"PDIA6",-0.846138211782344,8.87718363278955e-09,8.05172479624201,"hatch"
"LDHA",-0.85057606233147,0.000343493190948533,3.46408186752085,"hatch"
"NCAPH",-0.852025268149571,0.000209605705719459,3.67859689950916,"hatch"
"TMEM196",-0.853129277229192,0.00376613837927424,2.42410372673807,"hatch"
"SSR1",-0.860108411431619,2.28606182275958e-11,10.6409120290062,"hatch"
"DERL2",-0.860258749997213,1.1101207739948e-13,12.9546297701987,"hatch"
"OSTC",-0.864556637308565,4.69259661065121e-06,5.32858677740863,"hatch"
"LMAN1",-0.867793008562369,1.2995408200045e-08,7.88621007428203,"hatch"
"GPX4",-0.869752685918502,0.00031871351256817,3.49659952325552,"hatch"
"QPCT",-0.870558012753152,0.00199027492190686,2.70108692920818,"hatch"
"HMMR",-0.870671368897184,0.0204095129780273,1.6901673585117,"hatch"
"WDR4",-0.87176685304222,0.0985043860979877,1.00654443127149,"hatch"
"NME2",-0.874858544591568,0.0276943783655525,1.55760837868268,"hatch"
"LAT2",-0.877478787601028,0.0963255189090124,1.01625864274877,"hatch"
"ARHGAP19",-0.89128694047571,0.0432904230907279,1.36360816967147,"hatch"
"LPPR5",-0.893926469231541,2.31542435332241e-06,5.6353694031699,"hatch"
"SERPINB1",-0.894438320149965,0.0351650244300117,1.45388907653536,"hatch"
"PCSK1",-0.910691894276235,0.0289902968576887,1.53774733749095,"hatch"
"RASSF1",-0.913670433035935,8.24625749809865e-05,4.0837431080191,"hatch"
"FAM193A",-0.9175846056328,0.0175958039458885,1.7545908856184,"hatch"
"SPI1",-0.918466110787397,0.0357681542479287,1.44650347026819,"hatch"
"ERLEC1",-0.936065365200531,4.23934714366288e-11,10.3727010192883,"hatch"
"UFC1",-0.945092026549952,5.65517912520694e-06,5.24755363444199,"hatch"
"LOC100857165",-0.948825589080054,0.0761083734398564,1.11856755954124,"hatch"
"HMOX1",-0.950083180392173,0.00292733538765644,2.53352751717532,"hatch"
"HSPA5",-0.950741151267988,1.82214773479241e-06,5.73941641451775,"hatch"
"ADARB1",-0.951643223134189,5.26582719815971e-10,9.27853339667641,"hatch"
"CDCA7",-0.954034502782418,0.00320370600582066,2.49434734461902,"hatch"
"ACSBG2",-0.954121474242169,0.000277129593119762,3.55731709586199,"hatch"
"GALE",-0.958067395572703,0.00171219356437782,2.76644713966514,"hatch"
"SPCS3",-0.96425777331567,8.93819976798473e-10,9.04874994312342,"hatch"
"PLD4",-0.969837639160925,0.0763707571129545,1.11707290393258,"hatch"
"TRIM35",-0.976440307775227,6.48084578571671e-05,4.1883683126325,"hatch"
"LOC101750767",-0.976875669656919,1.66024271790325e-06,5.77982841597174,"hatch"
"PLK3",-0.980073776328841,0.000863818091378542,3.06357770454461,"hatch"
"PRL",-0.98089621204469,0.0635000050284058,1.19722624031733,"hatch"
"DNAJB11",-0.980958733358964,2.80525909128924e-13,12.5520270214949,"hatch"
"BRCA1",-0.981805461818197,0.0125306633939403,1.90202593613266,"hatch"
"STMN1",-0.982446435768227,0.00950079421195337,2.02224008866361,"hatch"
"LOC107057175",-0.983552888749754,0.0761083734398564,1.11856755954124,"hatch"
"BIRC5",-1.00401579456947,0.0594168559815198,1.22609033243814,"hatch"
"DLGAP5",-1.00404302131548,0.0536480815576569,1.27044580368536,"hatch"
"SLBP",-1.00613138353684,0.0125288503746527,1.90208877727802,"hatch"
"HEBP2",-1.00731971419443,0.0644498398506286,1.19077815747388,"hatch"
"MARK3",-1.00913816182562,0.0584021715629917,1.23357100425249,"hatch"
"OAZ1",-1.01428652076267,6.47975608520797e-09,8.1884413417902,"hatch"
"MCM2",-1.01603357053144,6.07126107871427e-06,5.21672109102641,"hatch"
"PDIA4",-1.0173084438859,0.00224488738113931,2.64880544128719,"hatch"
"FAM46D",-1.02283788425396,1.30360414223419e-05,4.88485426822331,"hatch"
"HYOU1",-1.02993840840521,9.75703775297682e-09,8.01068201458801,"hatch"
"SSR4",-1.03432707977962,0.000397653607510169,3.40049507327748,"hatch"
"AURKA",-1.03600195397553,0.00461727611226198,2.33561415394219,"hatch"
"KIF4A",-1.04654514513339,0.0320426014791219,1.49427223159646,"hatch"
"LOC107055704",-1.04891549913258,0.00555776119024486,2.25510011822563,"hatch"
"PSPH",-1.04964023891376,8.3445061938679e-06,5.07859935864006,"hatch"
"METTL21A",-1.05824915387834,7.27721158415277e-06,5.13803499782911,"hatch"
"TMEM52B",-1.0714933723609,0.0155519639164201,1.80821476006427,"hatch"
"SLC35B1",-1.08025991133978,1.73474965353723e-14,13.7607631905746,"hatch"
"TMEM100",-1.09231051659368,0.0197957581445176,1.70342786083901,"hatch"
"SSR3",-1.09262920116926,4.91403217586953e-12,11.3085620041936,"hatch"
"USP35",-1.10754408468685,0.00805211397553594,2.09409008641677,"hatch"
"SKA3",-1.10867063913797,0.0313783076203134,1.50337048366111,"hatch"
"NDC80",-1.11385158196698,0.000525621836289405,3.27932660086265,"hatch"
"CDT1",-1.12213311677906,0.0008390509703487,3.0762116560142,"hatch"
"SULT1C3",-1.12236028199199,0.0843723815656045,1.07379969195949,"hatch"
"ACSM3",-1.12894422588984,0.0254248945194338,1.59474084016423,"hatch"
"HTRA3",-1.13780681412529,0.0761083734398564,1.11856755954124,"hatch"
"LBH",-1.13853788842002,7.53434928408283e-08,7.12295425025518,"hatch"
"FAM26D",-1.1417405358776,0.0458881638629737,1.33829931951458,"hatch"
"KNSTRN",-1.14221529697524,0.0169328565668417,1.77126977038681,"hatch"
"CDC20",-1.14840472144187,0.0190872173425394,1.71925738123791,"hatch"
"SDF2L1",-1.1550512907225,3.81035969144412e-09,8.41903402573224,"hatch"
"PDK4",-1.15860887230248,0.0483725045367534,1.31540142598073,"hatch"
"PLK1",-1.16347969758589,0.0119974519318028,1.9209109814076,"hatch"
"MANF",-1.17091657575377,4.40991458117089e-08,7.35556982261502,"hatch"
"E2F1",-1.17101842411926,0.000484261530878849,3.31492002938545,"hatch"
"MGP",-1.1929414959146,0.00612706246059824,2.21274769235372,"hatch"
"NR4A3",-1.20070057826468,0.0561146632271784,1.25092363916181,"hatch"
"KNTC1",-1.20486811285391,0.000703079758024287,3.15299540541396,"hatch"
"TSHB",-1.21649772759343,0.0021207847056223,2.6735034172477,"hatch"
"SGOL1",-1.22223564218327,0.0887847570517588,1.05166158936268,"hatch"
"MCM10",-1.22512873410811,0.0485477636452636,1.31383077108844,"hatch"
"ENDOD1",-1.23000878952461,0.0469770884337681,1.32811390361487,"hatch"
"LOC107050516",-1.24708829087393,0.0441065614622555,1.35549679840334,"hatch"
"LOC428479",-1.25687662404078,0.000396932948815724,3.40128284945531,"hatch"
"CRELD2",-1.25981024085051,4.25658319302234e-09,8.37093887409648,"hatch"
"SSR2",-1.26444666557254,3.82286709574195e-10,9.4176108002256,"hatch"
"CENPN",-1.28460728201395,7.5838029503741e-06,5.12011295977824,"hatch"
"FAM83D",-1.28583216388672,0.0511328837993279,1.29129971318355,"hatch"
"POU3F3",-1.3299452068799,0.033722854526993,1.47207567091409,"hatch"
"LOC427665",-1.33852203213318,6.48852504051467e-05,4.1878540149972,"hatch"
"GMPPB",-1.34333956256299,6.19284144368566e-06,5.20811003915947,"hatch"
"CREB3L1",-1.35411443148716,2.12050507160814e-10,9.6735606845017,"hatch"
"LOC100858581",-1.3793473416257,0.00319002412144071,2.4962060330027,"hatch"
"TFPI2",-1.38076544808946,2.90029321667684e-07,6.53755809315365,"hatch"
"CDC25A",-1.38332483329896,0.00465480565674008,2.33209844657679,"hatch"
"MKI67",-1.39609705051394,0.00352642742799746,2.45266504927707,"hatch"
"SLC6A14",-1.41128334656921,0.0571804371178779,1.24275252898578,"hatch"
"CSTA",-1.41150427736659,0.0142631122703693,1.8457856992829,"hatch"
"STC1",-1.41314361756341,9.46392777959825e-05,4.02392858252231,"hatch"
"DEPDC1",-1.41508754422445,0.0882111252601781,1.05447663783409,"hatch"
"CCNB3",-1.42479271314589,0.0771285648618243,1.11278474951896,"hatch"
"CD44",-1.4255184675164,0.0411820731125253,1.38529179471002,"hatch"
"FFAR4",-1.43243885630498,0.00178683778000575,2.74791487359746,"hatch"
"LOC423793",-1.43349631278976,0.0225202709076941,1.64742638944196,"hatch"
"CENPI",-1.4364580127126,0.0260071784016075,1.58490676318604,"hatch"
"NPM3",-1.44921674454211,7.57899693249515e-05,4.12038826870941,"hatch"
"CKAP2",-1.47281783466036,0.0320525426474617,1.49413751329144,"hatch"
"ADMP",-1.48752772041229,0.0503141891476378,1.29830952191173,"hatch"
"F13A1",-1.49631050085139,5.09965488484703e-05,4.29245921344677,"hatch"
"SLC12A4",-1.49696815920875,0.0243406877007035,1.61366715575256,"hatch"
"CBLN2",-1.50780939538091,0.00352642742799746,2.45266504927707,"hatch"
"LOC107057238",-1.52611812302036,0.0618663805603372,1.20854529126388,"hatch"
"FANCC",-1.53217762338908,0.00481967719637187,2.31698204817797,"hatch"
"CYP3A4",-1.53228381386425,0.00710321334735991,2.14854514095379,"hatch"
"RRM2",-1.53708432807233,0.0177188647392578,1.75156410712561,"hatch"
"MAD2L1",-1.537644242186,9.46392777959825e-05,4.02392858252231,"hatch"
"TK1",-1.5472394378452,0.000382905066607383,3.41690888702115,"hatch"
"BCAS1",-1.55634175510261,0.0147695499244972,1.8306327388306,"hatch"
"SKA1",-1.55676204829638,0.0124293783584946,1.90555059156967,"hatch"
"MXD3",-1.55686567936565,0.015681657520966,1.804608035136,"hatch"
"BUB1",-1.56914050195118,0.000692879867298917,3.1593420575842,"hatch"
"MYC",-1.58159717482216,1.66963705108858e-05,4.77737792636188,"hatch"
"RACGAP1",-1.59713163528371,0.00104082588147359,2.98262191702159,"hatch"
"CKS1B",-1.60060289558416,5.04357002501034e-05,4.29726194504205,"hatch"
"NUF2",-1.60982230405435,0.0364438259367214,1.43837603630976,"hatch"
"SLC7A5",-1.61505985475428,6.26835413211526e-08,7.20284647594323,"hatch"
"CDC45",-1.6502950689421,0.00427803910644449,2.36875524977024,"hatch"
"CDKN3",-1.652524256489,2.49980538368703e-12,11.6020938009603,"hatch"
"AGR2",-1.65654808473679,0.000109544388292207,3.96040986544378,"hatch"
"FOSL2",-1.68028431693978,0.000649358463937435,3.18751549436676,"hatch"
"DGUOK",-1.68923000239717,5.79401163109418e-06,5.237020637314,"hatch"
"FGF6",-1.73248713498799,0.0971588566812344,1.01251760440573,"hatch"
"CDH19",-1.7389429537493,0.0866502949994261,1.06222995439952,"hatch"
"LOC107051182",-1.74404166364506,7.27721158415277e-06,5.13803499782911,"hatch"
"UBE2C",-1.76219838363251,0.000403073450957879,3.39461580636744,"hatch"
"CENPK",-1.76544270789223,0.0273654575373245,1.56279728626534,"hatch"
"IFI30",-1.76899373842307,0.00840772732025778,2.07532138180709,"hatch"
"LOC107055436",-1.77633026888452,0.0703507855153904,1.15273104900258,"hatch"
"PYCR2",-1.77678053578001,9.79263507778041e-11,10.0091004291618,"hatch"
"LOC107054798",-1.7874279568584,0.00414365282716711,2.38261663877482,"hatch"
"LOC107054425",-1.90151295058291,0.0935981261761626,1.02873284570098,"hatch"
"KPNA2",-1.90930906051012,0.00369182540123276,2.43275884639862,"hatch"
"FKBP11",-1.93628996341849,2.76398181446619e-10,9.5584648187157,"hatch"
"PROCR",-1.97453138437466,0.0061522023160966,2.21096939113257,"hatch"
"SHCBP1",-1.9969626228136,0.00271684016496787,2.56593591090648,"hatch"
"CDK1",-1.99776633727124,0.000377764233579005,3.42277916312828,"hatch"
"CDCA3",-2.09302633648646,0.0572811906835388,1.24198796308295,"hatch"
"MFSD2A",-2.11032420020849,4.33780767309104e-06,5.36272970736261,"hatch"
"MLN",-2.15612542475562,0.000396932948815724,3.40128284945531,"hatch"
"CRYBB2",-2.23182530136154,0.0740667087577965,1.13037695331094,"hatch"
"PBK",-2.23344571963881,9.46392777959825e-05,4.02392858252231,"hatch"
"MYH11",-2.31708134886895,0.0649186969219827,1.1876302061174,"hatch"
"MTBP",-2.34620285570376,0.00401516106397193,2.39629702876855,"hatch"
"ANLN",-2.52094739786651,0.0324769929905085,1.48842418842361,"hatch"
"ERMN",-3.26815985165929,0.0601121041990037,1.22103806946905,"hatch"
