"gene","padj","logpadj","lfc","tissue","direction"
"LGALS1",0.00322734997748633,2.49115393665694,2.97770165505503,"pituitary","inc.d3"
"TH",0.0859273649442868,1.06586850611399,2.45636824243192,"pituitary","inc.d3"
"TSPAN1",0.00592485866510735,2.22732200509779,2.42753356247579,"pituitary","inc.d3"
"BTC",1.51705882362385e-06,5.8189975792133,2.34640358693017,"pituitary","inc.d3"
"SGK2",0.00569963332255902,2.24415308311901,2.20720944085856,"pituitary","inc.d3"
"CPLX3",0.0120136744872972,1.9203241395175,2.12365635829173,"pituitary","inc.d3"
"LOC100857380",0.0113933849351365,1.94334722936646,1.72568926345833,"pituitary","inc.d3"
"FDX1L",0.00298267065138358,2.52539469909634,1.66711172869439,"pituitary","inc.d3"
"SLC12A4",0.00701153263711457,2.15418704008063,1.65652054534891,"pituitary","inc.d3"
"UMOD",0.052098994324568,1.28317065987718,1.64391054258089,"pituitary","inc.d3"
"ECEL1",0.0172321687239697,1.76366006175209,1.62565524254697,"pituitary","inc.d3"
"C23H1ORF63",0.0167229435121397,1.7766872772219,1.49113060907551,"pituitary","inc.d3"
"CYP26A1",0.0316211682429959,1.5000220891124,1.46162724070256,"pituitary","inc.d3"
"SLC6A2",0.00965759103282511,2.01513118948733,1.4508317716847,"pituitary","inc.d3"
"ANGPTL7",0.0343775542633701,1.46372502374277,1.35078187252104,"pituitary","inc.d3"
"RASA4",0.0372678872012343,1.42866522766082,1.30936043087269,"pituitary","inc.d3"
"ADAMTSL2",0.0784030246899342,1.1056671824583,1.24327289385762,"pituitary","inc.d3"
"CDKN1A",0.0366392647537208,1.43605324997705,1.21128989357118,"pituitary","inc.d3"
"KRT14",0.0204417088256551,1.6894828021512,1.20369423351913,"pituitary","inc.d3"
"HTRA3",0.0464813120195173,1.33272162169357,1.15782461426819,"pituitary","inc.d3"
"CHRNB4",0.0620228974841913,1.20744794896612,1.08217355302147,"pituitary","inc.d3"
"LOC100859442",0.072013990957243,1.14258312016257,1.03521988035401,"pituitary","inc.d3"
"CSRP1",0.00479753927057583,2.31898146163166,1.01330541949585,"pituitary","inc.d3"
"AGR2",0.0777672805172187,1.10920308783947,0.993153891798045,"pituitary","inc.d3"
"ALDH1A2",0.006732739329009,2.17180819975521,0.983050695029113,"pituitary","inc.d3"
"GNRHR",0.0154067951650085,1.81228769138566,0.980669848402526,"pituitary","inc.d3"
"KL",0.0859273649442868,1.06586850611399,0.971226161339322,"pituitary","inc.d3"
"S100A1",0.0745016206289964,1.12783427996882,0.948945026596568,"pituitary","inc.d3"
"PDIA3",0.000133326554575235,3.87508334378227,0.917124543000682,"pituitary","inc.d3"
"SSR2",0.000180410208621966,3.74373889127995,0.856471810438198,"pituitary","inc.d3"
"NPC2",0.00850251970833358,2.07045235272537,0.850788152516485,"pituitary","inc.d3"
"CLEC3B",0.0137458844354606,1.8618273116166,0.845454915735143,"pituitary","inc.d3"
"FAAH2",0.00273646544502056,2.56281003158201,0.840684160197522,"pituitary","inc.d3"
"KANK1",0.0269706526261019,1.56910854451909,0.83395407152752,"pituitary","inc.d3"
"LOC101747652",0.043613627858621,1.3603777864417,0.824535844606649,"pituitary","inc.d3"
"POU3F2",0.0900482270114744,1.04552483372411,0.808625376462137,"pituitary","inc.d3"
"CGA",0.00881594049735999,2.05473134972589,0.806473233199635,"pituitary","inc.d3"
"MANF",0.00192850258730115,2.7147797741431,0.79426771950502,"pituitary","inc.d3"
"LOC771758",0.0594084651927429,1.22615166739999,0.776095287614629,"pituitary","inc.d3"
"RPS11",0.00993077680559473,2.00301677877669,0.772005836386839,"pituitary","inc.d3"
"RPL35A",0.013614110027447,1.86601074380634,0.768272770708241,"pituitary","inc.d3"
"SERF2",0.0227100659079389,1.64378160539221,0.761632149268774,"pituitary","inc.d3"
"GMPPB",0.0830537427004,1.08064079190004,0.755184522735562,"pituitary","inc.d3"
"DUSP15",0.0165574915692286,1.78100545741581,0.754930430106205,"pituitary","inc.d3"
"CRELD2",0.00365199398961194,2.43746994589144,0.747103346698911,"pituitary","inc.d3"
"HPSE",0.072013990957243,1.14258312016257,0.736293025168966,"pituitary","inc.d3"
"MPP4",0.0859763424998147,1.0656210340496,0.734130987359308,"pituitary","inc.d3"
"SMOC2",0.0865535160180921,1.06271528531325,0.729407260052439,"pituitary","inc.d3"
"RPS28",0.0668088366783667,1.1751660904161,0.720173443237479,"pituitary","inc.d3"
"NKIRAS1",0.00560690312276028,2.25127694766717,0.717756273033783,"pituitary","inc.d3"
"LOC430303",0.0511997766626947,1.29073193344547,0.711374866106465,"pituitary","inc.d3"
"PACRG",0.0127193539974789,1.89553494548435,0.707640901102962,"pituitary","inc.d3"
"RPS17",0.000321183708170433,3.49324649213285,0.707044773849065,"pituitary","inc.d3"
"HSD17B10",0.0445161353419312,1.35148254587656,0.696937307562143,"pituitary","inc.d3"
"SDF2L1",0.00365199398961194,2.43746994589144,0.694270674568075,"pituitary","inc.d3"
"CORO7",0.0446510782522741,1.35016804913023,0.687381426450647,"pituitary","inc.d3"
"SPCS2",0.000641415812128099,3.19286033808495,0.685916455207004,"pituitary","inc.d3"
"RGS1",0.0784030246899342,1.1056671824583,0.681905966418972,"pituitary","inc.d3"
"COPG2",0.0239285266889503,1.62108404064928,0.681062205271541,"pituitary","inc.d3"
"TMEM107",0.0821657959069348,1.08530893355855,0.680997885301218,"pituitary","inc.d3"
"TRIAP1",0.00959564271171307,2.01792593111065,0.679611051921955,"pituitary","inc.d3"
"GADL1",0.0597005615126424,1.22402158410187,0.678768223057963,"pituitary","inc.d3"
"LOC107054051",0.0377050932390446,1.42359998092927,0.678011153630916,"pituitary","inc.d3"
"DYL1",0.000180410208621966,3.74373889127995,0.665130245865172,"pituitary","inc.d3"
"RBM8A",0.0401896857581345,1.39588538952933,0.659285989161899,"pituitary","inc.d3"
"RGCC",0.0859273649442868,1.06586850611399,0.659044733488978,"pituitary","inc.d3"
"PLVAP",0.0195842363877587,1.70809335743488,0.656160749357324,"pituitary","inc.d3"
"LSM1",0.0117781652028835,1.928922358473,0.654202900597613,"pituitary","inc.d3"
"RPL24",0.00272440317804745,2.56472862177966,0.654040275117935,"pituitary","inc.d3"
"RBP5",0.0228608938715865,1.64090679249244,0.639935416896293,"pituitary","inc.d3"
"MDK",0.0132320330862524,1.87837342185147,0.638457483952375,"pituitary","inc.d3"
"UQCR10",0.00721384279030808,2.14183332639881,0.631789359330134,"pituitary","inc.d3"
"REEP6",0.0200585809631043,1.69769979423146,0.631309042330702,"pituitary","inc.d3"
"SEC61G",0.00886172830335976,2.05248156937555,0.631225869259661,"pituitary","inc.d3"
"RPLP2",0.0527138813533769,1.27807500525545,0.625163872799171,"pituitary","inc.d3"
"NDUFA2",0.0675128746478003,1.17061339968267,0.6220786006774,"pituitary","inc.d3"
"GCSH",0.0036932399656259,2.43259247345884,0.621353854328138,"pituitary","inc.d3"
"C7ORF50",0.00887732290990993,2.05171798250323,0.613162263719047,"pituitary","inc.d3"
"NDUFB10",0.00682053738048687,2.16618140654792,0.612652672339733,"pituitary","inc.d3"
"CCDC86",0.0339814064655979,1.46875864996352,0.609639906250777,"pituitary","inc.d3"
"LOC425531",0.087833954735196,1.05633756264231,0.605644605333675,"pituitary","inc.d3"
"HSPA5",0.00388385418785286,2.41073708324385,0.604465287133654,"pituitary","inc.d3"
"S100A11",0.0210350546238707,1.67705635586877,0.602498024339705,"pituitary","inc.d3"
"NDUFA6",0.0274543653896245,1.56138859059855,0.602117036294983,"pituitary","inc.d3"
"XKR6",0.0832714236440745,1.07950401039297,0.600568757097806,"pituitary","inc.d3"
"LOC420374",0.0318264202734029,1.4972122065859,0.599114651316106,"pituitary","inc.d3"
"LOC396380",0.0875134506607357,1.05792519156289,0.598294678834924,"pituitary","inc.d3"
"OSTC",0.00237885054791873,2.62363284180176,0.597134889900583,"pituitary","inc.d3"
"MRPL54",0.0257505298142833,1.58921383097026,0.597026610532566,"pituitary","inc.d3"
"CD34",0.0570680713780822,1.24360680423411,0.594418023033853,"pituitary","inc.d3"
"NDUFC2",0.00307863904815187,2.51164122651904,0.593377489164348,"pituitary","inc.d3"
"RPS16",0.00479753927057583,2.31898146163166,0.592213248496982,"pituitary","inc.d3"
"SNRPF",0.00112933038175393,2.94717898811677,0.587577316927912,"pituitary","inc.d3"
"WDR78",0.0597005615126424,1.22402158410187,0.586504611626965,"pituitary","inc.d3"
"SNRPD2",0.00887732290990993,2.05171798250323,0.585850008713247,"pituitary","inc.d3"
"NOG",0.0648651827804683,1.18798835379697,0.585414511148526,"pituitary","inc.d3"
"RPS21",0.00887732290990993,2.05171798250323,0.576773860595617,"pituitary","inc.d3"
"GRIN3A",0.0941735162801822,1.02607121345446,0.574650933314313,"pituitary","inc.d3"
"HIGD2A",0.0232366597353025,1.63382630153072,0.572622486838467,"pituitary","inc.d3"
"SUPT4H1",0.00846397790098551,2.07242547922815,0.566711404898312,"pituitary","inc.d3"
"LOC100859104",0.0650459170739606,1.18677995887026,0.55869897544076,"pituitary","inc.d3"
"EARS2",0.0390061613112389,1.40886678753432,0.557259372269997,"pituitary","inc.d3"
"LOC107051220",0.0644963315272273,1.19046498680335,0.556391296584248,"pituitary","inc.d3"
"YRDC",0.00388385418785286,2.41073708324385,0.553620287588449,"pituitary","inc.d3"
"RPS15A",0.0716481966311584,1.14479473622258,0.55173003015018,"pituitary","inc.d3"
"HSP90B1",0.00286393200464982,2.54303729724265,0.551492340772149,"pituitary","inc.d3"
"C28H19ORF10",0.00109304812790371,2.96136071524806,0.546117326595629,"pituitary","inc.d3"
"RPL38",0.00560690312276028,2.25127694766717,0.546089777914116,"pituitary","inc.d3"
"RPL22",0.00560690312276028,2.25127694766717,0.546064349720373,"pituitary","inc.d3"
"ECHS1",0.0406818698105328,1.39059909434972,0.546015581080072,"pituitary","inc.d3"
"COX4I1",0.012017304771621,1.92019292451834,0.54592782290464,"pituitary","inc.d3"
"RPL34",0.00569963332255902,2.24415308311901,0.544572886775743,"pituitary","inc.d3"
"RPL11",0.00365199398961194,2.43746994589144,0.541396925282617,"pituitary","inc.d3"
"COPZ1",0.0601098260888339,1.2210545285406,0.539110117079398,"pituitary","inc.d3"
"EFR3A",0.0238444488918979,1.62261271080502,0.538306194369409,"pituitary","inc.d3"
"PDIA6",0.00286393200464982,2.54303729724265,0.537744189946611,"pituitary","inc.d3"
"PBDC1",0.0454871494013035,1.34211127877952,0.532869700774715,"pituitary","inc.d3"
"RPSA",0.000133326554575235,3.87508334378227,0.531644381206453,"pituitary","inc.d3"
"LOC107057057",0.0380570360423748,1.41956503844958,0.531081462690061,"pituitary","inc.d3"
"XBP1",0.00682053738048687,2.16618140654792,0.525354513853342,"pituitary","inc.d3"
"NDUFA8",0.0092995003865979,2.031540383185,0.524180739366976,"pituitary","inc.d3"
"PFDN2",0.0466595094192914,1.33105983171489,0.523319323336372,"pituitary","inc.d3"
"RPL32",0.0201768161621633,1.69514736298973,0.523213691142748,"pituitary","inc.d3"
"MGST1",0.0782769175190841,1.10636628483839,0.521324202300235,"pituitary","inc.d3"
"RPL30",0.00895465176174898,2.04795129880339,0.520614663474976,"pituitary","inc.d3"
"SLC35B1",0.00913904577004318,2.03909914764025,0.517883318067525,"pituitary","inc.d3"
"LOC107052389",0.0380570360423748,1.41956503844958,0.516738716629771,"pituitary","inc.d3"
"RP1-37E16.12",0.0775206387044581,1.11058265772356,0.516409655939097,"pituitary","inc.d3"
"C1QTNF4",0.0387829213835387,1.41135948012157,0.514047498613399,"pituitary","inc.d3"
"NDUFB3",0.0390061613112389,1.40886678753432,0.513219987322706,"pituitary","inc.d3"
"RPS13",0.0230083619440259,1.63811429936672,0.512210799458154,"pituitary","inc.d3"
"EFCAB1",0.0594084651927429,1.22615166739999,0.511796285528462,"pituitary","inc.d3"
"SUMF2",0.0150286732265388,1.8230793584568,0.511643009819996,"pituitary","inc.d3"
"PSMB3",0.0318264202734029,1.4972122065859,0.508409768801535,"pituitary","inc.d3"
"SELK",0.0318264202734029,1.4972122065859,0.507226917275933,"pituitary","inc.d3"
"TMPRSS13",0.0696082992861548,1.15733897706612,0.506698561983457,"pituitary","inc.d3"
"UFC1",0.0511997766626947,1.29073193344547,0.505997480123994,"pituitary","inc.d3"
"PPIL1",0.0426876233460041,1.36969802407749,0.502291913858193,"pituitary","inc.d3"
"ANAPC15",0.0227100659079389,1.64378160539221,0.501237048303067,"pituitary","inc.d3"
"LSM8",0.0273804504508622,1.56255941132567,0.500403867691079,"pituitary","inc.d3"
"RPS14",0.0676210743127583,1.16991793377143,0.498677683312259,"pituitary","inc.d3"
"RPS8",0.00152546135220024,2.8165987908002,0.498651531540617,"pituitary","inc.d3"
"CHCHD10",0.0782769175190841,1.10636628483839,0.497639929116846,"pituitary","inc.d3"
"DPCD",0.0432388152440904,1.36412621434877,0.497024151208835,"pituitary","inc.d3"
"RPL7",0.00560690312276028,2.25127694766717,0.496512455957982,"pituitary","inc.d3"
"COMMD4",0.0191269755461305,1.71835369737834,0.49644046477176,"pituitary","inc.d3"
"IMMP2L",0.0770885572349775,1.11301008237082,0.495032063766114,"pituitary","inc.d3"
"LOC107050492",0.00850251970833358,2.07045235272537,0.493516618139652,"pituitary","inc.d3"
"RPL37",0.0416251019059938,1.38064469025063,0.492795976053878,"pituitary","inc.d3"
"LOC771811",0.0827280092286112,1.08234742643331,0.492657410434913,"pituitary","inc.d3"
"MRPS26",0.0374962116331074,1.42601260827088,0.491799398967697,"pituitary","inc.d3"
"SSR3",0.0103712206111533,1.98417012755574,0.491348880540786,"pituitary","inc.d3"
"FUCA1",0.0192084721802598,1.7165071770472,0.49076568407785,"pituitary","inc.d3"
"TMEM254",0.0466595094192914,1.33105983171489,0.490631738120726,"pituitary","inc.d3"
"SPCS3",0.00959564271171307,2.01792593111065,0.490348349345578,"pituitary","inc.d3"
"ENY2",0.0175561237616668,1.75557136626295,0.49005485429307,"pituitary","inc.d3"
"SMARCAL1",0.0594652127885976,1.22573702271108,0.489804201438465,"pituitary","inc.d3"
"ZMAT5",0.078106543211825,1.10731258248943,0.488819010529129,"pituitary","inc.d3"
"FICD",0.0106414863014726,1.97299770968686,0.487705732712983,"pituitary","inc.d3"
"LURAP1",0.0239285266889503,1.62108404064928,0.486813878947879,"pituitary","inc.d3"
"MRPL14",0.00365199398961194,2.43746994589144,0.485899550172638,"pituitary","inc.d3"
"NABP1",0.00512596781657737,2.29022412486397,0.48410157460458,"pituitary","inc.d3"
"AK1",0.0313004936379412,1.50444881317101,0.483922852136203,"pituitary","inc.d3"
"NIP7",0.0435567881615087,1.36094415222115,0.483854547798058,"pituitary","inc.d3"
"AIMP1",0.00286393200464982,2.54303729724265,0.483815723500948,"pituitary","inc.d3"
"SRRD",0.0795640482295804,1.09928312802321,0.483809376464907,"pituitary","inc.d3"
"HM13",0.00272440317804745,2.56472862177966,0.483471045235388,"pituitary","inc.d3"
"PRELID1",0.00454248234126129,2.34270675232101,0.48237921645712,"pituitary","inc.d3"
"RPL39",0.0164898692548428,1.78278278778334,0.479029853274671,"pituitary","inc.d3"
"RPS3",0.00887732290990993,2.05171798250323,0.478643771063002,"pituitary","inc.d3"
"RPLP0",0.015983434955952,1.79632988196154,0.477876691798022,"pituitary","inc.d3"
"COX17",0.0411710423646241,1.38540813743599,0.477331376547844,"pituitary","inc.d3"
"P4HB",0.00850251970833358,2.07045235272537,0.476957220712952,"pituitary","inc.d3"
"MRPL21",0.00959564271171307,2.01792593111065,0.474594295443245,"pituitary","inc.d3"
"FBXO2",0.00298267065138358,2.52539469909634,0.473804639439449,"pituitary","inc.d3"
"DPM2",0.0027338005158528,2.56323317887761,0.473734647006461,"pituitary","inc.d3"
"RPL10A",0.0275036105057274,1.56061029090466,0.473064215961982,"pituitary","inc.d3"
"DERL2",0.00081938561496733,3.08651166473624,0.471258360679205,"pituitary","inc.d3"
"SSBP1",0.0221250400454105,1.65511593457432,0.468372421585121,"pituitary","inc.d3"
"RPS25",0.0139963447650232,1.85398536829666,0.462581671098788,"pituitary","inc.d3"
"ABHD6",0.00560690312276028,2.25127694766717,0.458603641692761,"pituitary","inc.d3"
"MXRA7",0.0628488307320734,1.20170279771282,0.457724357689193,"pituitary","inc.d3"
"TMEM258",0.050754286344047,1.29452727445989,0.455887836931872,"pituitary","inc.d3"
"RPS27L",0.0318264202734029,1.4972122065859,0.455019528089143,"pituitary","inc.d3"
"KCTD12",0.0228608938715865,1.64090679249244,0.454097120634199,"pituitary","inc.d3"
"PSMC5",0.0790469569278204,1.10211484445276,0.452638392486383,"pituitary","inc.d3"
"SIL1",0.088369627053578,1.05369697785608,0.452303676363883,"pituitary","inc.d3"
"CNPY2",0.0993869570373076,1.00267060612981,0.451244818981892,"pituitary","inc.d3"
"UQCRQ",0.0594084651927429,1.22615166739999,0.450334754583345,"pituitary","inc.d3"
"SEC11C",0.0380570360423748,1.41956503844958,0.448174531733179,"pituitary","inc.d3"
"AC005943.2",0.0488521145538844,1.31111663318966,0.44792462949466,"pituitary","inc.d3"
"AP3S2",0.0784030246899342,1.1056671824583,0.447217343012445,"pituitary","inc.d3"
"CFDP1",0.00850251970833358,2.07045235272537,0.444665512871788,"pituitary","inc.d3"
"EGFL7",0.0502963652691818,1.2984633986533,0.444452752802319,"pituitary","inc.d3"
"MCFD2",0.0390061613112389,1.40886678753432,0.441894899328583,"pituitary","inc.d3"
"RPL27",0.0502298843446583,1.29903782181128,0.438615225870071,"pituitary","inc.d3"
"CCDC58",0.031077785800496,1.50754993095483,0.43860322611898,"pituitary","inc.d3"
"BYSL",0.0844696269898967,1.07329942361761,0.438591236735394,"pituitary","inc.d3"
"RPL31",0.0404572493640277,1.3930036476807,0.438025488752362,"pituitary","inc.d3"
"MTCH2",0.0318264202734029,1.4972122065859,0.436628008665965,"pituitary","inc.d3"
"RPL35",0.00850251970833358,2.07045235272537,0.436177734629383,"pituitary","inc.d3"
"RPS7",0.00109304812790371,2.96136071524806,0.435931030353882,"pituitary","inc.d3"
"RPL22L1",0.0287160466099903,1.54187535042025,0.434024055877417,"pituitary","inc.d3"
"CLAPS2",0.0451216862600715,1.34561467853358,0.433166367943527,"pituitary","inc.d3"
"LHPP",0.0389723041113111,1.40924391719302,0.433105437372187,"pituitary","inc.d3"
"RP11-447L10.1",0.078106543211825,1.10731258248943,0.432984742033821,"pituitary","inc.d3"
"TMEM70",0.0431401541690475,1.36511830720179,0.432666652117858,"pituitary","inc.d3"
"RPS29",0.0342171855532229,1.46575571510386,0.432323648210177,"pituitary","inc.d3"
"RRP9",0.0774864029194803,1.1107744994952,0.43172485493959,"pituitary","inc.d3"
"LOC107050843",0.0669467276563468,1.17427064636704,0.430034938722348,"pituitary","inc.d3"
"OAZ1",0.0411710423646241,1.38540813743599,0.429822143806355,"pituitary","inc.d3"
"ATP6V0B",0.0795640482295804,1.09928312802321,0.428179587715821,"pituitary","inc.d3"
"RPS2",0.0114580450976792,1.94088947274493,0.425180538229853,"pituitary","inc.d3"
"HMGN1",0.0387829213835387,1.41135948012157,0.424379126400961,"pituitary","inc.d3"
"ATP5G3",0.00286393200464982,2.54303729724265,0.424077951513289,"pituitary","inc.d3"
"SELM",0.0756953539063713,1.12093077617692,0.42283783239794,"pituitary","inc.d3"
"SNAPIN",0.0822157451025965,1.08504500294218,0.421767606401981,"pituitary","inc.d3"
"MRPL2",0.086697512475496,1.06199336311968,0.420930926687445,"pituitary","inc.d3"
"NKIRAS2",0.0775508777211178,1.11041328247603,0.419538899803763,"pituitary","inc.d3"
"SOD1",0.0287527413503747,1.54132074239752,0.419043656994536,"pituitary","inc.d3"
"RPL23",0.0418662093051827,1.37813635968123,0.418911476876446,"pituitary","inc.d3"
"HRSP12",0.00701153263711457,2.15418704008063,0.418266932139087,"pituitary","inc.d3"
"RPL15",0.0439372264372325,1.35716736163998,0.417203273536694,"pituitary","inc.d3"
"ZNHIT3",0.033704784782172,1.47230844165124,0.417029442229976,"pituitary","inc.d3"
"COQ9",0.0390061613112389,1.40886678753432,0.415203055404547,"pituitary","inc.d3"
"AP000304.12",0.0318264202734029,1.4972122065859,0.414479641133065,"pituitary","inc.d3"
"POP5",0.0865535160180921,1.06271528531325,0.412768085475417,"pituitary","inc.d3"
"NECAP2",0.0140560502628884,1.85213669852073,0.412459383714872,"pituitary","inc.d3"
"PRDX4",0.0139963447650232,1.85398536829666,0.411348647369607,"pituitary","inc.d3"
"LAMTOR2",0.0784030246899342,1.1056671824583,0.408345649796639,"pituitary","inc.d3"
"CISD3",0.0482274571323168,1.31670563632645,0.406928923468586,"pituitary","inc.d3"
"DNAJB11",0.0232366597353025,1.63382630153072,0.405880336347955,"pituitary","inc.d3"
"PARK7",0.0117781652028835,1.928922358473,0.4055699320261,"pituitary","inc.d3"
"COX7C",0.0511997766626947,1.29073193344547,0.403758103392752,"pituitary","inc.d3"
"DNTTIP1",0.0391910949327647,1.40681260290069,0.403501753950484,"pituitary","inc.d3"
"C19ORF70",0.0770885572349775,1.11301008237082,0.403212614354087,"pituitary","inc.d3"
"NDUFB9",0.00887732290990993,2.05171798250323,0.402409536976716,"pituitary","inc.d3"
"HINT1",0.0642944657101892,1.19182640833498,0.401103665831171,"pituitary","inc.d3"
"SNF8",0.071982555415253,1.14277273974696,0.397940058913423,"pituitary","inc.d3"
"PTS",0.0642944657101892,1.19182640833498,0.394671235639212,"pituitary","inc.d3"
"EEF1B2",0.0418662093051827,1.37813635968123,0.394371017476327,"pituitary","inc.d3"
"RPS24",0.0389723041113111,1.40924391719302,0.394346426289818,"pituitary","inc.d3"
"RPL5",0.0127193539974789,1.89553494548435,0.39407115600252,"pituitary","inc.d3"
"PSMD7",0.0181887935822674,1.74019610566107,0.393743993706397,"pituitary","inc.d3"
"SOD2",0.00365199398961194,2.43746994589144,0.392499893376146,"pituitary","inc.d3"
"RPL7A",0.00183485343202205,2.73639862144258,0.390954319281734,"pituitary","inc.d3"
"ITPA",0.00912007818689883,2.04000143842672,0.390737466612874,"pituitary","inc.d3"
"TPI1",0.0106414863014726,1.97299770968686,0.390670781271078,"pituitary","inc.d3"
"RPL36",0.0946952173233336,1.02367195492003,0.389735995120243,"pituitary","inc.d3"
"LOC107050681",0.05582784467315,1.25314913848714,0.387280400694276,"pituitary","inc.d3"
"DPH6",0.00959564271171307,2.01792593111065,0.387147219287283,"pituitary","inc.d3"
"MRPL28",0.00569963332255902,2.24415308311901,0.38685089646187,"pituitary","inc.d3"
"RPS4X",0.0709425123871987,1.14909343530902,0.386843967676879,"pituitary","inc.d3"
"MRPL20",0.0236022123399557,1.62704728677553,0.386113234987795,"pituitary","inc.d3"
"OAZ2",0.0172265200402347,1.76380244628766,0.386110198058288,"pituitary","inc.d3"
"EMC6",0.0658495221357717,1.18144737232787,0.382009567173815,"pituitary","inc.d3"
"TOMM7",0.0526340928312942,1.27873285789578,0.380796225915503,"pituitary","inc.d3"
"RITA1",0.0390061613112389,1.40886678753432,0.379032467516914,"pituitary","inc.d3"
"WSB2",0.0796577970506673,1.09877170824515,0.37860185586622,"pituitary","inc.d3"
"NAA20",0.014374974862691,1.8423929060821,0.378147105564482,"pituitary","inc.d3"
"RPS3A",0.00965759103282511,2.01513118948733,0.377234270792528,"pituitary","inc.d3"
"POLR3D",0.0597005615126424,1.22402158410187,0.376960665148887,"pituitary","inc.d3"
"NDUFA12",0.0755409117403997,1.12181777776326,0.37687992051675,"pituitary","inc.d3"
"ATP5H",0.0334160198333399,1.47604527997697,0.376671376728235,"pituitary","inc.d3"
"MRPL27",0.00976160423241421,2.01047880405123,0.374988163291195,"pituitary","inc.d3"
"EMC8",0.0170335868674995,1.76869389033818,0.374234803924778,"pituitary","inc.d3"
"EMC3",0.00497431032304745,2.30326712469874,0.373002247960079,"pituitary","inc.d3"
"RPS12",0.0594084651927429,1.22615166739999,0.371399906390482,"pituitary","inc.d3"
"PPIB",0.0175605259464735,1.7554624808997,0.37122243615113,"pituitary","inc.d3"
"BSG",0.0201768161621633,1.69514736298973,0.369131181567002,"pituitary","inc.d3"
"ERH",0.0169872278611503,1.76987748768976,0.368832380875547,"pituitary","inc.d3"
"ADARB1",0.0446510782522741,1.35016804913023,0.36869703047853,"pituitary","inc.d3"
"ARPC4",0.0876559821895137,1.05721843960167,0.368523044690759,"pituitary","inc.d3"
"SNUPN",0.00512596781657737,2.29022412486397,0.368231709524411,"pituitary","inc.d3"
"ALDH7A1",0.0239285266889503,1.62108404064928,0.366055722756858,"pituitary","inc.d3"
"KCNH7",0.0973461699280274,1.01168113106583,0.364749185956236,"pituitary","inc.d3"
"NAP1L1",0.0334458095151213,1.47565828801467,0.364267652584169,"pituitary","inc.d3"
"DHRS7",0.00886172830335976,2.05248156937555,0.36360479758823,"pituitary","inc.d3"
"ATP5J",0.0462146114537378,1.33522069391391,0.362874763191515,"pituitary","inc.d3"
"TSR3",0.0795640482295804,1.09928312802321,0.362784661342372,"pituitary","inc.d3"
"RPL9",0.0151177814526764,1.8205119372445,0.36267075307969,"pituitary","inc.d3"
"C5H14ORF166",0.00274417439162275,2.56158829277838,0.361238681522192,"pituitary","inc.d3"
"RRP15",0.0525059201050049,1.27979172661338,0.360909219669612,"pituitary","inc.d3"
"SNRPB",0.0784030246899342,1.1056671824583,0.359293773871167,"pituitary","inc.d3"
"SAP30",0.0668088366783667,1.1751660904161,0.35869200130423,"pituitary","inc.d3"
"MRP63",0.0343775542633701,1.46372502374277,0.358547995793757,"pituitary","inc.d3"
"HAUS2",0.0198290058977785,1.70269905805548,0.358496765509669,"pituitary","inc.d3"
"POLR2L",0.0784030246899342,1.1056671824583,0.357624214087078,"pituitary","inc.d3"
"LMAN1",0.081692802569328,1.08781620469302,0.356074813861945,"pituitary","inc.d3"
"LAPTM4A",0.0192084721802598,1.7165071770472,0.355268463964564,"pituitary","inc.d3"
"PRADC1",0.0642189028493935,1.19233711842888,0.354742924771857,"pituitary","inc.d3"
"DBI",0.0875134506607357,1.05792519156289,0.354734279763744,"pituitary","inc.d3"
"NOP16",0.0200662551124706,1.69753367064868,0.353479612244339,"pituitary","inc.d3"
"DCXR",0.0418168191215871,1.37864900572404,0.351950710802594,"pituitary","inc.d3"
"RPS20",0.0696082992861548,1.15733897706612,0.351678621630707,"pituitary","inc.d3"
"TTC19",0.0545913822636176,1.26287590914043,0.350556990036867,"pituitary","inc.d3"
"ASCC1",0.0301832926167885,1.52023338592213,0.349185173131838,"pituitary","inc.d3"
"PHB",0.00887732290990993,2.05171798250323,0.349027860801775,"pituitary","inc.d3"
"PSMB7",0.0343775542633701,1.46372502374277,0.348468561396904,"pituitary","inc.d3"
"HMOX2",0.00479753927057583,2.31898146163166,0.347904544857891,"pituitary","inc.d3"
"RPL13",0.0839507012244439,1.07597567193052,0.346628200816492,"pituitary","inc.d3"
"MRPL39",0.00560690312276028,2.25127694766717,0.34654894495123,"pituitary","inc.d3"
"SHFM1",0.0959666108203493,1.01787984257261,0.346218656459121,"pituitary","inc.d3"
"MAGOH2",0.0129074016729061,1.8891611746733,0.345456987219351,"pituitary","inc.d3"
"MRPS7",0.0532037829013901,1.27405748735173,0.344893025249355,"pituitary","inc.d3"
"ENO1",0.00701153263711457,2.15418704008063,0.344887383753842,"pituitary","inc.d3"
"NDUFS4",0.0656416993411783,1.18282018439921,0.344569887784774,"pituitary","inc.d3"
"MRPL33",0.0527528176536805,1.27775433870772,0.3441505262598,"pituitary","inc.d3"
"C26H6ORF125",0.0784030246899342,1.1056671824583,0.343669605139044,"pituitary","inc.d3"
"VIMP",0.0228608938715865,1.64090679249244,0.342683236295096,"pituitary","inc.d3"
"LOC100858626",0.050754286344047,1.29452727445989,0.342090870337216,"pituitary","inc.d3"
"RPL18A",0.0502963652691818,1.2984633986533,0.341729760279548,"pituitary","inc.d3"
"NME1",0.0961579576423557,1.01701476948937,0.340537987133181,"pituitary","inc.d3"
"ETFA",0.0130834107009548,1.88327902546781,0.339948542934709,"pituitary","inc.d3"
"CWC15",0.0477044076122051,1.32144149280002,0.339162142707334,"pituitary","inc.d3"
"MED30",0.0139963447650232,1.85398536829666,0.338977473295175,"pituitary","inc.d3"
"AHCY",0.0154067951650085,1.81228769138566,0.337416766635806,"pituitary","inc.d3"
"MSANTD4",0.0339814064655979,1.46875864996352,0.336613853105045,"pituitary","inc.d3"
"RPL6",0.0782769175190841,1.10636628483839,0.336488348199913,"pituitary","inc.d3"
"C14ORF2",0.0665217342629783,1.17703643697772,0.336458472779881,"pituitary","inc.d3"
"APH1A",0.0777672805172187,1.10920308783947,0.336256060090992,"pituitary","inc.d3"
"CTNNBL1",0.00701153263711457,2.15418704008063,0.335421577758895,"pituitary","inc.d3"
"MRPL48",0.0784030246899342,1.1056671824583,0.335389551617557,"pituitary","inc.d3"
"CHMP6",0.0383467569985285,1.41627135863019,0.330583683372301,"pituitary","inc.d3"
"VRK3",0.0915827830092686,1.03818616330664,0.330162490482597,"pituitary","inc.d3"
"PSMA2",0.00913978964840553,2.03906379940709,0.330028856306803,"pituitary","inc.d3"
"GAS8",0.0192084721802598,1.7165071770472,0.32971054226296,"pituitary","inc.d3"
"MRPL41",0.0706523300610374,1.15087351087183,0.32926188080563,"pituitary","inc.d3"
"HARBI1",0.0200662551124706,1.69753367064868,0.329223908066046,"pituitary","inc.d3"
"AIMP2",0.0192084721802598,1.7165071770472,0.328782484931076,"pituitary","inc.d3"
"NDUFS3",0.0384377473325464,1.41524207234875,0.328372538453281,"pituitary","inc.d3"
"PSMB2",0.00801880335648921,2.09589043650993,0.328076615535059,"pituitary","inc.d3"
"DIABLO",0.052098994324568,1.28317065987718,0.326510421424991,"pituitary","inc.d3"
"SAP18",0.0851561733140146,1.06978386280379,0.3254709504223,"pituitary","inc.d3"
"IAH1",0.0910495723641103,1.04072208963121,0.325142684472605,"pituitary","inc.d3"
"MRPS5",0.0390061613112389,1.40886678753432,0.322872093831488,"pituitary","inc.d3"
"ADH5",0.00959564271171307,2.01792593111065,0.322861760522589,"pituitary","inc.d3"
"AURKAIP1",0.0172265200402347,1.76380244628766,0.322611982631613,"pituitary","inc.d3"
"ACPL2",0.0784030246899342,1.1056671824583,0.320278033979247,"pituitary","inc.d3"
"AGTRAP",0.015983434955952,1.79632988196154,0.320237030966422,"pituitary","inc.d3"
"LOC421792",0.0775508777211178,1.11041328247603,0.317269634099385,"pituitary","inc.d3"
"MAP2K1",0.0172386322235119,1.76349719566597,0.314720707537656,"pituitary","inc.d3"
"SSR1",0.064489610619777,1.19051024527064,0.313816712780798,"pituitary","inc.d3"
"NME7",0.0450747191803314,1.34606697029191,0.313353880648406,"pituitary","inc.d3"
"OSER1",0.0726277338842221,1.13889750639528,0.312866827408943,"pituitary","inc.d3"
"ALG2",0.052098994324568,1.28317065987718,0.312802232509019,"pituitary","inc.d3"
"RPL14",0.0468882602109025,1.32893588146082,0.310805977446547,"pituitary","inc.d3"
"SEC13",0.0170358780368954,1.7686354777843,0.31079317939976,"pituitary","inc.d3"
"EXOSC1",0.0979343476890855,1.00906496503373,0.310402275009563,"pituitary","inc.d3"
"VAMP3",0.0889981848291425,1.05061885095875,0.30838432053351,"pituitary","inc.d3"
"RGN",0.0704457268008078,1.15214534582098,0.306998621976896,"pituitary","inc.d3"
"PGK1",0.0706523300610374,1.15087351087183,0.306981537356171,"pituitary","inc.d3"
"MPC2",0.0637604093555455,1.19544890333899,0.306591105246781,"pituitary","inc.d3"
"PSMA3",0.00887732290990993,2.05171798250323,0.305560078148014,"pituitary","inc.d3"
"SLC33A1",0.0338157199459877,1.47088136189112,0.30523224800025,"pituitary","inc.d3"
"MDH1",0.0123371414677181,1.90878545526286,0.304475331265625,"pituitary","inc.d3"
"SMS",0.0715985532505786,1.14509575313402,0.302278046610209,"pituitary","inc.d3"
"PSMA1",0.0390835852010167,1.40800560458476,0.301306898066666,"pituitary","inc.d3"
"EFHC2",0.094662522234393,1.02382192815996,0.300305322988116,"pituitary","inc.d3"
"C1H11ORF73",0.0259962727202466,1.58508891560876,0.298952797203213,"pituitary","inc.d3"
"PSMC1",0.00286393200464982,2.54303729724265,0.297899063977642,"pituitary","inc.d3"
"CYB5B",0.0211501332438495,1.67468689226595,0.297774127678878,"pituitary","inc.d3"
"IMP3",0.0712782945135253,1.14704270027626,0.297713479676604,"pituitary","inc.d3"
"RPL23A",0.0876559821895137,1.05721843960167,0.297384386543668,"pituitary","inc.d3"
"GLOD4",0.0539557416856217,1.26796233319237,0.296483514382923,"pituitary","inc.d3"
"NDUFA4",0.0594845509877753,1.22559581228745,0.295811647631816,"pituitary","inc.d3"
"ZMAT2",0.0174308044730312,1.75868256870551,0.295570972910816,"pituitary","inc.d3"
"TOMM22",0.0142370815014341,1.84657902879794,0.295533575346065,"pituitary","inc.d3"
"ACOT8",0.0865535160180921,1.06271528531325,0.294931197131119,"pituitary","inc.d3"
"SURF6",0.0678340939188101,1.16855197163178,0.29422934033143,"pituitary","inc.d3"
"COX5A",0.0946952173233336,1.02367195492003,0.294142518002645,"pituitary","inc.d3"
"UMPS",0.0200585809631043,1.69769979423146,0.293517714212148,"pituitary","inc.d3"
"DYNLT1",0.0777111731583745,1.10951653471037,0.293510914308138,"pituitary","inc.d3"
"ARF4",0.0202385699703529,1.69382017740168,0.293152297132181,"pituitary","inc.d3"
"PSMG3",0.097931535972,1.00907743390469,0.291457589023926,"pituitary","inc.d3"
"CTC-487M23.8",0.0875134506607357,1.05792519156289,0.291171041410204,"pituitary","inc.d3"
"MDH2",0.0437749483461813,1.35877435770555,0.290818113316748,"pituitary","inc.d3"
"OXSM",0.087833954735196,1.05633756264231,0.29074704009413,"pituitary","inc.d3"
"TXNL4B",0.0678813605286956,1.16824946181424,0.28927813759014,"pituitary","inc.d3"
"NUP37",0.0435567881615087,1.36094415222115,0.28926278886505,"pituitary","inc.d3"
"TMED10",0.0568402239737895,1.24534421944286,0.289219525220282,"pituitary","inc.d3"
"MRPS15",0.0720613865191028,1.14229738595752,0.289103875867784,"pituitary","inc.d3"
"WBSCR22",0.0453550303674488,1.34337453793864,0.288664883099699,"pituitary","inc.d3"
"RPL3",0.0947023577517701,1.02363920847469,0.287964279557957,"pituitary","inc.d3"
"MRPL44",0.0318264202734029,1.4972122065859,0.287319818590979,"pituitary","inc.d3"
"MANBA",0.0876559821895137,1.05721843960167,0.28675354235394,"pituitary","inc.d3"
"NUTF2",0.0920630666700309,1.03591456261943,0.286249735411501,"pituitary","inc.d3"
"PGD",0.00886172830335976,2.05248156937555,0.285648157215171,"pituitary","inc.d3"
"MRPS17",0.098514605791414,1.00649937615854,0.283880010038433,"pituitary","inc.d3"
"PJA2",0.043184243581337,1.36467468313648,0.283617358829512,"pituitary","inc.d3"
"SUPV3L1",0.0435567881615087,1.36094415222115,0.282295266176864,"pituitary","inc.d3"
"CCDC124",0.0995915532940536,1.00177749403957,0.280004578496735,"pituitary","inc.d3"
"EIF2S2",0.0637604093555455,1.19544890333899,0.279975641079226,"pituitary","inc.d3"
"MRPS33",0.0843735492751977,1.07379368138691,0.279814345296397,"pituitary","inc.d3"
"DDX28",0.0570680713780822,1.24360680423411,0.277421331920722,"pituitary","inc.d3"
"CHCHD3",0.00976160423241421,2.01047880405123,0.276310304738566,"pituitary","inc.d3"
"C7ORF73",0.0755047726108413,1.12202559601262,0.275860873752687,"pituitary","inc.d3"
"RHOA",0.0376663369604509,1.42404661274642,0.274669212001334,"pituitary","inc.d3"
"AARS2",0.0803052167921075,1.09525624114182,0.274658065854548,"pituitary","inc.d3"
"ARF1",0.0152187525488411,1.8176209443695,0.273630562512562,"pituitary","inc.d3"
"ATP5C1",0.0140333239390065,1.85283944961362,0.27237734825825,"pituitary","inc.d3"
"CLUAP1",0.0173928884034795,1.75962828955982,0.27206752105586,"pituitary","inc.d3"
"POLR3F",0.0859273649442868,1.06586850611399,0.271805155730443,"pituitary","inc.d3"
"ZNF622",0.0332865461503104,1.47773126539242,0.270865893759367,"pituitary","inc.d3"
"BUD31",0.0993316827285882,1.00291220729933,0.270165243854079,"pituitary","inc.d3"
"SLC25A17",0.081692802569328,1.08781620469302,0.269618872719746,"pituitary","inc.d3"
"RPL4",0.0677310085056725,1.16921245775865,0.269613722965429,"pituitary","inc.d3"
"BZW1",0.0141396183306865,1.84956231324873,0.269441755972152,"pituitary","inc.d3"
"HN1",0.0545913822636176,1.26287590914043,0.268434240908105,"pituitary","inc.d3"
"POMP",0.0594084651927429,1.22615166739999,0.268365327621782,"pituitary","inc.d3"
"PRPSAP1",0.0502963652691818,1.2984633986533,0.267677026882977,"pituitary","inc.d3"
"EIF4E2",0.0343775542633701,1.46372502374277,0.267511072954518,"pituitary","inc.d3"
"PDCL3",0.00801880335648921,2.09589043650993,0.267415273332447,"pituitary","inc.d3"
"PTGES2",0.0440580824752454,1.35597440842315,0.266699543191427,"pituitary","inc.d3"
"ING4",0.0117781652028835,1.928922358473,0.266269529289785,"pituitary","inc.d3"
"MRPL13",0.084325912998192,1.07403894799906,0.26478190945931,"pituitary","inc.d3"
"MLST8",0.0979343476890855,1.00906496503373,0.264562921551267,"pituitary","inc.d3"
"ATG12",0.0854348500569725,1.06836493844342,0.264313658261535,"pituitary","inc.d3"
"PWWP2B",0.0643634448009054,1.19136072004242,0.263895390730601,"pituitary","inc.d3"
"YIPF1",0.0126115770100786,1.89923060383512,0.262060281378487,"pituitary","inc.d3"
"LZTFL1",0.0745016206289964,1.12783427996882,0.260828667613206,"pituitary","inc.d3"
"SNRPD3",0.0777111731583745,1.10951653471037,0.260350115852669,"pituitary","inc.d3"
"DKC1",0.0387829213835387,1.41135948012157,0.260268833737717,"pituitary","inc.d3"
"RPL7L1",0.0427137652589021,1.3694321434154,0.260256394601404,"pituitary","inc.d3"
"EDEM2",0.0407380377691999,1.38999989351288,0.259963898372434,"pituitary","inc.d3"
"PSMA6",0.0502963652691818,1.2984633986533,0.259313815637922,"pituitary","inc.d3"
"RFC2",0.0770885572349775,1.11301008237082,0.259279416935159,"pituitary","inc.d3"
"PSMC6",0.0200585809631043,1.69769979423146,0.258652289669551,"pituitary","inc.d3"
"PGM2",0.0657564012315756,1.18206196323011,0.257801094361882,"pituitary","inc.d3"
"YBX1",0.0839507012244439,1.07597567193052,0.255913275407346,"pituitary","inc.d3"
"POLR1E",0.0488645085584661,1.31100646467062,0.255769470910494,"pituitary","inc.d3"
"SAMM50",0.0200662551124706,1.69753367064868,0.255019138858942,"pituitary","inc.d3"
"TUSC3",0.0594845509877753,1.22559581228745,0.254904582750435,"pituitary","inc.d3"
"ATP6V1G1",0.0960704478633176,1.01741018469009,0.254455497608458,"pituitary","inc.d3"
"NACA",0.0995915532940536,1.00177749403957,0.253612467911276,"pituitary","inc.d3"
"RPS6",0.0785537251941994,1.10483321491524,0.25302547961977,"pituitary","inc.d3"
"PPP1R7",0.0968238173388501,1.01401779902918,0.252972047887165,"pituitary","inc.d3"
"CHMP3",0.065959052661634,1.18072559054692,0.252259420631715,"pituitary","inc.d3"
"BNIP1",0.0743314963910104,1.12882712418861,0.251158026098611,"pituitary","inc.d3"
"SEC61A2",0.0592366064270564,1.22740982949281,0.250554931864627,"pituitary","inc.d3"
"ATP5J2",0.0994275274571895,1.00249336039469,0.249000228487903,"pituitary","inc.d3"
"ME1",0.0318264202734029,1.4972122065859,0.246278545664816,"pituitary","inc.d3"
"SNX3",0.0696082992861548,1.15733897706612,0.246243673188021,"pituitary","inc.d3"
"RNF113A",0.0895465479334799,1.04795115177294,0.245921710716105,"pituitary","inc.d3"
"PPA1",0.0897401651244249,1.04701313568816,0.244953680596162,"pituitary","inc.d3"
"LOC422214",0.0609749434105424,1.21484859407287,0.244805748954359,"pituitary","inc.d3"
"PDHA1",0.0259962727202466,1.58508891560876,0.243914692287872,"pituitary","inc.d3"
"POLR3B",0.0806339664232151,1.09348197652277,0.243588005919878,"pituitary","inc.d3"
"PEX10",0.0339930972875408,1.46860926278955,0.240686119684916,"pituitary","inc.d3"
"EDC3",0.0597005615126424,1.22402158410187,0.239511441114087,"pituitary","inc.d3"
"LOC101750469",0.0692337155730639,1.15968236043568,0.239424644522179,"pituitary","inc.d3"
"CLDND1",0.0467564936292742,1.33015806497288,0.235722587471457,"pituitary","inc.d3"
"FCF1",0.0527138813533769,1.27807500525545,0.233731429921961,"pituitary","inc.d3"
"TIMM17A",0.092558912720979,1.03358175563423,0.232845995591869,"pituitary","inc.d3"
"YIPF5",0.0280782781308711,1.55162952835098,0.231654449129741,"pituitary","inc.d3"
"ERGIC3",0.0684058546695259,1.16490672661532,0.230655344627535,"pituitary","inc.d3"
"DNAJC8",0.0568137439906939,1.24554659004115,0.229299615259823,"pituitary","inc.d3"
"GLRX3",0.0819383182690755,1.08651295390442,0.229149343756655,"pituitary","inc.d3"
"CWC25",0.0850383631435715,1.07038510789864,0.228384816358739,"pituitary","inc.d3"
"YWHAQ",0.0882950517704377,1.05406363446331,0.228384480911995,"pituitary","inc.d3"
"EIF3D",0.0387829213835387,1.41135948012157,0.227897987434772,"pituitary","inc.d3"
"CCDC25",0.0651216320033404,1.18627472419435,0.227360438532019,"pituitary","inc.d3"
"SPG21",0.0564965492787238,1.24797807740136,0.226940475480763,"pituitary","inc.d3"
"PDCD5",0.0978908794205991,1.00925776991112,0.223670428180221,"pituitary","inc.d3"
"CEPT1",0.052098994324568,1.28317065987718,0.223544235277975,"pituitary","inc.d3"
"PSMC2",0.0384377473325464,1.41524207234875,0.223468297262205,"pituitary","inc.d3"
"CYP20A1",0.0637604093555455,1.19544890333899,0.223017829893906,"pituitary","inc.d3"
"HDAC8",0.0570680713780822,1.24360680423411,0.22281259349139,"pituitary","inc.d3"
"ASB13",0.0602634770616323,1.21994581416423,0.222246056047568,"pituitary","inc.d3"
"PSMA4",0.0875134506607357,1.05792519156289,0.2218683530855,"pituitary","inc.d3"
"EMC2",0.0789463121128204,1.10266815275462,0.220754054294757,"pituitary","inc.d3"
"NDFIP1",0.0432388152440904,1.36412621434877,0.219957679410432,"pituitary","inc.d3"
"CCT8",0.0784030246899342,1.1056671824583,0.217477585713243,"pituitary","inc.d3"
"CLNS1A",0.0337567994028007,1.47163873703441,0.216472467697005,"pituitary","inc.d3"
"RP11-234B24.6",0.0369910148572906,1.43190375354875,0.21509743863469,"pituitary","inc.d3"
"HSBP1",0.0920630666700309,1.03591456261943,0.213223973703015,"pituitary","inc.d3"
"RNF103",0.0709425123871987,1.14909343530902,0.212787692283153,"pituitary","inc.d3"
"CFAP20",0.0829192173757464,1.08134480560132,0.209550444693,"pituitary","inc.d3"
"VPS35",0.00542031970993224,2.26597509645711,0.207533116941635,"pituitary","inc.d3"
"TBCK",0.0806339664232151,1.09348197652277,0.207341477525923,"pituitary","inc.d3"
"BUB3",0.0920630666700309,1.03591456261943,0.206614252463071,"pituitary","inc.d3"
"UFD1L",0.0447093895879558,1.34960125946304,0.20548414867454,"pituitary","inc.d3"
"MPST",0.0857654674733619,1.06668754087631,0.200951809878888,"pituitary","inc.d3"
"LPCAT3",0.0777111731583745,1.10951653471037,0.19833645136321,"pituitary","inc.d3"
"ADRM1",0.0865535160180921,1.06271528531325,0.19714454171736,"pituitary","inc.d3"
"RBM25",0.0515398430627688,1.28785690819639,0.194711048636529,"pituitary","inc.d3"
"PSMC3",0.0993316827285882,1.00291220729933,0.193232631298506,"pituitary","inc.d3"
"FKBP4",0.097931535972,1.00907743390469,0.192218453899937,"pituitary","inc.d3"
"LOC107051991",0.072013990957243,1.14258312016257,0.187168485084144,"pituitary","inc.d3"
"IP6K2",0.0701828992179351,1.15376869527786,0.184004546935391,"pituitary","inc.d3"
"NUP93",0.0876559821895137,1.05721843960167,0.177721356348885,"pituitary","inc.d3"
"CCT6A",0.0993316827285882,1.00291220729933,0.177589332318967,"pituitary","inc.d3"
"MRPL3",0.0684058546695259,1.16490672661532,0.174615405463191,"pituitary","inc.d3"
"RER1",0.0968238173388501,1.01401779902918,0.166895759162975,"pituitary","inc.d3"
"EIF4A3",0.0704457268008078,1.15214534582098,0.163809824129454,"pituitary","inc.d3"
"PHB2",0.0859273649442868,1.06586850611399,0.157271291887532,"pituitary","inc.d3"
"GMCL1",0.0477024193988707,1.3214595936028,0.149353128173684,"pituitary","inc.d3"
"SMARCB1",0.0830925946666756,1.08043767944942,0.149212818280533,"pituitary","inc.d3"
"DDX42",0.0527528176536805,1.27775433870772,-0.11487257814335,"pituitary","lay"
"KDM4C",0.0896066314719323,1.04765984853994,-0.117562370471847,"pituitary","lay"
"CAPRIN1",0.0594084651927429,1.22615166739999,-0.12271038880479,"pituitary","lay"
"USP7",0.0979343476890855,1.00906496503373,-0.129685594344161,"pituitary","lay"
"YTHDF3",0.0859685505743004,1.06566039538446,-0.138998336268531,"pituitary","lay"
"RNF10",0.0387829213835387,1.41135948012157,-0.141241349219084,"pituitary","lay"
"PSMD11",0.0876559821895137,1.05721843960167,-0.143358633950116,"pituitary","lay"
"FDX1",0.0665217342629783,1.17703643697772,-0.145779544435087,"pituitary","lay"
"WDR26",0.0951279899504309,1.02169167977652,-0.148958723095474,"pituitary","lay"
"ELAVL1",0.0782769175190841,1.10636628483839,-0.149534086083505,"pituitary","lay"
"MAU2",0.0895465479334799,1.04795115177294,-0.150009451211652,"pituitary","lay"
"ZC3H7B",0.0765407475994404,1.11610730018931,-0.151888243784403,"pituitary","lay"
"EIF4ENIF1",0.0784030246899342,1.1056671824583,-0.159329295633863,"pituitary","lay"
"CYLD",0.0750014379286029,1.12493041022868,-0.159336326415342,"pituitary","lay"
"NLK",0.099504557881125,1.00215702561321,-0.161045525838752,"pituitary","lay"
"KIAA0430",0.0438087306037743,1.35843933070138,-0.161120096021636,"pituitary","lay"
"RBSN",0.0690004046055256,1.1611483626333,-0.161974671981568,"pituitary","lay"
"LRRC8C",0.0876559821895137,1.05721843960167,-0.164082790560832,"pituitary","lay"
"UBXN6",0.0784030246899342,1.1056671824583,-0.165224102631778,"pituitary","lay"
"MFSD6",0.0918994902296959,1.03668689765681,-0.165705376596369,"pituitary","lay"
"MBNL1",0.072013990957243,1.14258312016257,-0.168354461551445,"pituitary","lay"
"FAM13B",0.0570889287544311,1.24344810623844,-0.170047684854329,"pituitary","lay"
"LARP4B",0.0644117896179689,1.19103463423314,-0.170491488057396,"pituitary","lay"
"CRY2",0.0784030246899342,1.1056671824583,-0.171915763799728,"pituitary","lay"
"ZXDC",0.0456389937530331,1.34066393945809,-0.172847138143192,"pituitary","lay"
"GNA12",0.0865535160180921,1.06271528531325,-0.173002131894385,"pituitary","lay"
"ANKIB1",0.0540148745151374,1.26748662850475,-0.176118275572478,"pituitary","lay"
"WDR82",0.0314913563990684,1.50180863298225,-0.177075994383928,"pituitary","lay"
"SCAF4",0.0488521145538844,1.31111663318966,-0.17721894976889,"pituitary","lay"
"HIPK1",0.0275657173398893,1.55963070143605,-0.178519517219833,"pituitary","lay"
"SMTNL2",0.0122426351369761,1.91212509344255,-0.181969133154714,"pituitary","lay"
"FAM177A1",0.0653922289192367,1.18447385929074,-0.183030170073105,"pituitary","lay"
"EXOC8",0.0704457268008078,1.15214534582098,-0.183101947775568,"pituitary","lay"
"TRAPPC8",0.0785537251941994,1.10483321491524,-0.18434807455938,"pituitary","lay"
"RRAGC",0.0318264202734029,1.4972122065859,-0.184938779761405,"pituitary","lay"
"ZNF568",0.0839507012244439,1.07597567193052,-0.186135400645211,"pituitary","lay"
"WHSC1",0.0597005615126424,1.22402158410187,-0.188386986131986,"pituitary","lay"
"FBXL17",0.0920630666700309,1.03591456261943,-0.189084107260903,"pituitary","lay"
"TRPC4AP",0.0195842363877587,1.70809335743488,-0.191372414946699,"pituitary","lay"
"HDAC9",0.0432388152440904,1.36412621434877,-0.192419884471164,"pituitary","lay"
"KDM8",0.0997619747258953,1.00103496285678,-0.193896232952818,"pituitary","lay"
"KIF13A",0.0790469569278204,1.10211484445276,-0.19426161638881,"pituitary","lay"
"LOC101751641",0.0678813605286956,1.16824946181424,-0.194369461916865,"pituitary","lay"
"ZBTB43",0.0704457268008078,1.15214534582098,-0.19524140058597,"pituitary","lay"
"BPTF",0.0570680713780822,1.24360680423411,-0.195499138725156,"pituitary","lay"
"TSC22D2",0.087833954735196,1.05633756264231,-0.196761036216584,"pituitary","lay"
"ZBTB33",0.01415867068186,1.84897751943109,-0.199043067267264,"pituitary","lay"
"ARHGEF18",0.0782037512736492,1.1067724142244,-0.201110329409231,"pituitary","lay"
"SMEK2",0.00365199398961194,2.43746994589144,-0.201263211411174,"pituitary","lay"
"GNA13",0.0339973308410247,1.46855517844357,-0.201947529388435,"pituitary","lay"
"XPO1",0.0865535160180921,1.06271528531325,-0.203174890167617,"pituitary","lay"
"MBD5",0.0744036716513984,1.12840563248373,-0.203446588219766,"pituitary","lay"
"PRDM2",0.052098994324568,1.28317065987718,-0.203472544145973,"pituitary","lay"
"TRIM37",0.0608444068320438,1.21577933844663,-0.20546443522727,"pituitary","lay"
"SRPK1",0.0288650215741047,1.5396281135677,-0.20585315602219,"pituitary","lay"
"ANKHD1",0.0545160276722946,1.26347579669014,-0.206670957446156,"pituitary","lay"
"MIER1",0.0594845509877753,1.22559581228745,-0.207295040045488,"pituitary","lay"
"ZDHHC8",0.0445278540219741,1.35136823477834,-0.208258890308526,"pituitary","lay"
"MED13",0.0477024193988707,1.3214595936028,-0.208468691142037,"pituitary","lay"
"LOC101748741",0.0411710423646241,1.38540813743599,-0.208476757286608,"pituitary","lay"
"TAF5",0.0390061613112389,1.40886678753432,-0.208531346357885,"pituitary","lay"
"ZNF706",0.0389723041113111,1.40924391719302,-0.209245114011891,"pituitary","lay"
"ZBTB6",0.0865535160180921,1.06271528531325,-0.209391075966071,"pituitary","lay"
"LONP2",0.0795640482295804,1.09928312802321,-0.210271214963426,"pituitary","lay"
"FAM168B",0.0556107413847084,1.25484131500867,-0.210280388386718,"pituitary","lay"
"UBXN7",0.0389723041113111,1.40924391719302,-0.210319809735663,"pituitary","lay"
"ARFGEF2",0.0453328886369333,1.34358660657312,-0.210412537302694,"pituitary","lay"
"AVL9",0.0527528176536805,1.27775433870772,-0.211769528185637,"pituitary","lay"
"DTNA",0.0570680713780822,1.24360680423411,-0.21267712058256,"pituitary","lay"
"PPP1R8",0.0200585809631043,1.69769979423146,-0.216057848816114,"pituitary","lay"
"RNF169",0.0526340928312942,1.27873285789578,-0.216690467706731,"pituitary","lay"
"PAPD5",0.021747327747153,1.66259410036291,-0.220953655220724,"pituitary","lay"
"ADNP2",0.00560690312276028,2.25127694766717,-0.222381019439964,"pituitary","lay"
"MDM4",0.0484108979603624,1.31505686167612,-0.22279870281099,"pituitary","lay"
"MAPK1",0.0967313683242478,1.01443266882267,-0.222936837638458,"pituitary","lay"
"ZBTB2",0.0981294473725267,1.0082006469287,-0.224686545538474,"pituitary","lay"
"TRAPPC11",0.0191269755461305,1.71835369737834,-0.227820566532692,"pituitary","lay"
"BMP2K",0.0390061613112389,1.40886678753432,-0.228476276333699,"pituitary","lay"
"ARHGAP21",0.0763062598497745,1.11743983286164,-0.229789381962656,"pituitary","lay"
"TOLLIP",0.0770885572349775,1.11301008237082,-0.230090833868227,"pituitary","lay"
"SEC16A",0.0960348602776229,1.01757109114726,-0.233250272268995,"pituitary","lay"
"DENND5A",0.0439372264372325,1.35716736163998,-0.233446527485266,"pituitary","lay"
"ZMYM3",0.0377187987518196,1.42344214689344,-0.233873001690559,"pituitary","lay"
"MSL2",0.013614110027447,1.86601074380634,-0.234626436000685,"pituitary","lay"
"HERC2",0.0781795845445826,1.1069066417891,-0.234780122634337,"pituitary","lay"
"JAK1",0.00850251970833358,2.07045235272537,-0.236047591603564,"pituitary","lay"
"RANBP10",0.0570680713780822,1.24360680423411,-0.236266258343188,"pituitary","lay"
"CADPS",0.0546590127219005,1.26233821701407,-0.236650888837946,"pituitary","lay"
"NR2C2",0.0993316827285882,1.00291220729933,-0.237167656134974,"pituitary","lay"
"PPM1H",0.0517073340275909,1.28644785338928,-0.237649274989461,"pituitary","lay"
"ADRBK2",0.06865227884777,1.16334504219146,-0.239713098244102,"pituitary","lay"
"SLMO1",0.0684058546695259,1.16490672661532,-0.239974069439614,"pituitary","lay"
"CABLES1",0.0876559821895137,1.05721843960167,-0.240297866954702,"pituitary","lay"
"EPN2",0.0363545658388029,1.4394410375127,-0.240708141661224,"pituitary","lay"
"ZFYVE1",0.0456389937530331,1.34066393945809,-0.240966199229142,"pituitary","lay"
"VCPIP1",0.0390835368504594,1.40800614185361,-0.241200751088635,"pituitary","lay"
"PITPNM2",0.0402533229714075,1.39519826216376,-0.242551411919187,"pituitary","lay"
"RP11-244H3.4",0.0558548893759666,1.25293880399761,-0.24259590277847,"pituitary","lay"
"CBL",0.00850251970833358,2.07045235272537,-0.242769195019672,"pituitary","lay"
"SP3",0.0242896526683584,1.61457869537576,-0.244186968340519,"pituitary","lay"
"ATXN2",0.0132917088460708,1.87641918047862,-0.244889886199837,"pituitary","lay"
"C7ORF26",0.0257505298142833,1.58921383097026,-0.246317278739051,"pituitary","lay"
"MTA1",0.0391910949327647,1.40681260290069,-0.246735367253961,"pituitary","lay"
"MADD",0.0257505298142833,1.58921383097026,-0.24685394667933,"pituitary","lay"
"BRD3",0.052098994324568,1.28317065987718,-0.248858013870047,"pituitary","lay"
"ALMS1",0.0613993587580311,1.21183616451523,-0.249140733169971,"pituitary","lay"
"NCOR1",0.0900482270114744,1.04552483372411,-0.249340887910115,"pituitary","lay"
"MAST4",0.0784030246899342,1.1056671824583,-0.250606622873147,"pituitary","lay"
"KIAA1919",0.0973461699280274,1.01168113106583,-0.250751688485332,"pituitary","lay"
"MTMR8",0.0920630666700309,1.03591456261943,-0.25261736984018,"pituitary","lay"
"ZCCHC14",0.0123371414677181,1.90878545526286,-0.252801507249441,"pituitary","lay"
"SUFU",0.0298480450433788,1.52508410857738,-0.254488694426584,"pituitary","lay"
"TAF4",0.0135285236942041,1.86874959338334,-0.255626136082298,"pituitary","lay"
"RALGPS1",0.0527528176536805,1.27775433870772,-0.257595246340779,"pituitary","lay"
"LOC107049328",0.0390061613112389,1.40886678753432,-0.257714386322303,"pituitary","lay"
"TMED8",0.0418662093051827,1.37813635968123,-0.258247484559346,"pituitary","lay"
"POMT2",0.0857654674733619,1.06668754087631,-0.258333381750445,"pituitary","lay"
"LRIG1",0.072013990957243,1.14258312016257,-0.261705626913971,"pituitary","lay"
"SLC30A4",0.013614110027447,1.86601074380634,-0.264480660681697,"pituitary","lay"
"ATXN7",0.0592366064270564,1.22740982949281,-0.264594059480118,"pituitary","lay"
"NPEPPS",0.0435567881615087,1.36094415222115,-0.265415478628627,"pituitary","lay"
"NUP153",0.00965759103282511,2.01513118948733,-0.265845693266734,"pituitary","lay"
"AP4B1",0.0650459170739606,1.18677995887026,-0.268040397920975,"pituitary","lay"
"TSPAN14",0.0774173468218237,1.11116171651469,-0.270283023402137,"pituitary","lay"
"LARP1",0.0133728661439059,1.87377550245512,-0.270716488263846,"pituitary","lay"
"JADE1",0.0463145156623829,1.33428287325687,-0.272746459510465,"pituitary","lay"
"SPECC1",0.0765904807771692,1.11582520429491,-0.276828295587194,"pituitary","lay"
"LOC768374",0.00912007818689883,2.04000143842672,-0.278044149819071,"pituitary","lay"
"SCD",0.0999825249655907,1.0000758997421,-0.278935264418505,"pituitary","lay"
"TRRAP",0.0650459170739606,1.18677995887026,-0.281419224416212,"pituitary","lay"
"ZFYVE28",0.0890119264084622,1.05055179980035,-0.282201191109963,"pituitary","lay"
"NAB1",0.0403670235373057,1.39397327211507,-0.282630396864921,"pituitary","lay"
"FOXJ2",0.0556107413847084,1.25484131500867,-0.283370220636941,"pituitary","lay"
"IPO13",0.0875134506607357,1.05792519156289,-0.283476693871851,"pituitary","lay"
"KANSL1",0.080318018273158,1.09518701563294,-0.283783569629966,"pituitary","lay"
"ARID2",0.0821657959069348,1.08530893355855,-0.284002880886625,"pituitary","lay"
"PDE3B",0.0456389937530331,1.34066393945809,-0.284031565127621,"pituitary","lay"
"ARL15",0.0706523300610374,1.15087351087183,-0.284069805851548,"pituitary","lay"
"RAP2A",0.0857654674733619,1.06668754087631,-0.28549454467045,"pituitary","lay"
"SCAMP1",0.0726277338842221,1.13889750639528,-0.286421273078949,"pituitary","lay"
"SOS1",0.0416021150982726,1.38088458879255,-0.287306398935419,"pituitary","lay"
"BIRC2",0.0181662927548909,1.74073369131414,-0.287402865018394,"pituitary","lay"
"AFF4",0.0112308626126064,1.94958688545648,-0.287641168701718,"pituitary","lay"
"PXN",0.0678340939188101,1.16855197163178,-0.287721409783465,"pituitary","lay"
"ZC3H6",0.0890119264084622,1.05055179980035,-0.288839920686747,"pituitary","lay"
"PIKFYVE",0.0322182021590791,1.49189869775218,-0.289055725143014,"pituitary","lay"
"H6PD",0.0164527228954471,1.78376221682598,-0.289403045933048,"pituitary","lay"
"ZDHHC14",0.0973461699280274,1.01168113106583,-0.289738143100995,"pituitary","lay"
"USP32",0.00189886911011498,2.7215049703414,-0.291009105812754,"pituitary","lay"
"MAST3",0.0374962116331074,1.42601260827088,-0.296320433337186,"pituitary","lay"
"SH3RF1",0.0597005615126424,1.22402158410187,-0.299766806841979,"pituitary","lay"
"FAM161A",0.0656416993411783,1.18282018439921,-0.300908994710281,"pituitary","lay"
"BCORL1",0.0782769175190841,1.10636628483839,-0.301922447305326,"pituitary","lay"
"MTMR10",0.0665217342629783,1.17703643697772,-0.302159927417797,"pituitary","lay"
"MEF2D",0.00850251970833358,2.07045235272537,-0.30297622658016,"pituitary","lay"
"ITPR2",0.0306557250323929,1.51348840800376,-0.303027388463524,"pituitary","lay"
"LOC107057609",0.035492387031714,1.44986479130216,-0.303635668416515,"pituitary","lay"
"SOCS6",0.0503765307270282,1.29777174430093,-0.305470611119047,"pituitary","lay"
"MLL3",0.0597158387571615,1.22391046330079,-0.306292108836562,"pituitary","lay"
"R3HDM1",0.052098994324568,1.28317065987718,-0.307204888556312,"pituitary","lay"
"ETV6",0.0822157451025965,1.08504500294218,-0.308103809961843,"pituitary","lay"
"RASAL2",0.0821657959069348,1.08530893355855,-0.30938694089165,"pituitary","lay"
"CRIM1",0.0502963652691818,1.2984633986533,-0.309459359986466,"pituitary","lay"
"LOC769176",0.0410170610764996,1.3870354605933,-0.309550870927093,"pituitary","lay"
"NAA50",0.0637604093555455,1.19544890333899,-0.310452038965009,"pituitary","lay"
"SLX4",0.0784030246899342,1.1056671824583,-0.311617118247383,"pituitary","lay"
"UBASH3B",0.0409172194105542,1.38809388707336,-0.312758811435077,"pituitary","lay"
"PRRG1",0.092023984647071,1.03609896567273,-0.313993771389266,"pituitary","lay"
"OSBPL10",0.0968238173388501,1.01401779902918,-0.314850787377015,"pituitary","lay"
"RBFOX2",0.0696082992861548,1.15733897706612,-0.315034846362714,"pituitary","lay"
"SECISBP2L",0.0784030246899342,1.1056671824583,-0.315918215533074,"pituitary","lay"
"GTF2A1",0.0582227916439785,1.23490697501351,-0.318122251101856,"pituitary","lay"
"RP11-2C24.9",0.0390061613112389,1.40886678753432,-0.31915477818998,"pituitary","lay"
"CRTC1",0.0464031198007751,1.33345281973147,-0.320090573563003,"pituitary","lay"
"SGPP1",0.0556107413847084,1.25484131500867,-0.321712303057756,"pituitary","lay"
"GALNT10",0.0782769175190841,1.10636628483839,-0.322702657610693,"pituitary","lay"
"EPS15L1",0.0318264202734029,1.4972122065859,-0.322895657755375,"pituitary","lay"
"ZMIZ1",0.00560690312276028,2.25127694766717,-0.328359106822184,"pituitary","lay"
"SRD5A1",0.050754286344047,1.29452727445989,-0.329350305083682,"pituitary","lay"
"AFF1",0.00479753927057583,2.31898146163166,-0.329448281254301,"pituitary","lay"
"TMEM170B",0.0312737678057699,1.50481979260806,-0.330587422666901,"pituitary","lay"
"ASH1L",0.0407380377691999,1.38999989351288,-0.331368354469798,"pituitary","lay"
"RAD51",0.0639500576497511,1.194159059677,-0.331751143894226,"pituitary","lay"
"RBL2",0.0613993587580311,1.21183616451523,-0.331967569337086,"pituitary","lay"
"PRICKLE2",0.0774864029194803,1.1107744994952,-0.334145775771435,"pituitary","lay"
"CEP85L",0.00863859651581047,2.06355681017736,-0.334209277314995,"pituitary","lay"
"IGDCC4",0.0967313683242478,1.01443266882267,-0.334605463788949,"pituitary","lay"
"NF1",0.0239851715898554,1.62005717024537,-0.336852492195939,"pituitary","lay"
"CDK12",0.0450747191803314,1.34606697029191,-0.336865841422875,"pituitary","lay"
"ASCC3",0.0192084721802598,1.7165071770472,-0.338487444902572,"pituitary","lay"
"STK38",0.00560690312276028,2.25127694766717,-0.338585396299385,"pituitary","lay"
"PTEN",0.000157877620133471,3.80167942883525,-0.343336918236101,"pituitary","lay"
"DAGLB",0.00195501710684153,2.70884943807662,-0.343867358124434,"pituitary","lay"
"HECTD4",0.0366392647537208,1.43605324997705,-0.345183133303035,"pituitary","lay"
"CNTN5",0.00965759103282511,2.01513118948733,-0.345225537948565,"pituitary","lay"
"DISP2",0.0036932399656259,2.43259247345884,-0.346861846546564,"pituitary","lay"
"MIEF1",0.055769485583629,1.25360336141164,-0.353056580227929,"pituitary","lay"
"HELZ",0.0470490504356215,1.32744913726821,-0.353446181505773,"pituitary","lay"
"EP300",0.0239285266889503,1.62108404064928,-0.354050655129179,"pituitary","lay"
"ACER2",0.0216928636907102,1.66368311267092,-0.354560258871779,"pituitary","lay"
"RYBP",0.0273804504508622,1.56255941132567,-0.35493520730407,"pituitary","lay"
"FBXO42",0.0802262146415807,1.09568369887387,-0.356731000022271,"pituitary","lay"
"OSBPL1A",0.0594084651927429,1.22615166739999,-0.357033956629227,"pituitary","lay"
"RAPGEF5",0.0488645085584661,1.31100646467062,-0.357363721464548,"pituitary","lay"
"WHSC1L1",0.0521597465215549,1.28266452779296,-0.35923384472308,"pituitary","lay"
"GRAMD1B",0.0167229435121397,1.7766872772219,-0.359783152824376,"pituitary","lay"
"NCOA6",0.0298480450433788,1.52508410857738,-0.359908589930111,"pituitary","lay"
"PROX1",0.0843735492751977,1.07379368138691,-0.360541137197248,"pituitary","lay"
"ARHGAP17",0.021747327747153,1.66259410036291,-0.362065906634618,"pituitary","lay"
"WNK1",0.00429414967138046,2.3671228224238,-0.363104558902225,"pituitary","lay"
"TANC2",0.0957551877059316,1.01883768805356,-0.36337263889727,"pituitary","lay"
"CACNA1C",0.080318018273158,1.09518701563294,-0.364138178905325,"pituitary","lay"
"RERE",0.0125670756317446,1.9007657712205,-0.366233046534048,"pituitary","lay"
"SORL1",0.024563984613022,1.60970118333358,-0.366522365214595,"pituitary","lay"
"SMURF1",0.00887732290990993,2.05171798250323,-0.366814752670478,"pituitary","lay"
"MAPT",0.052098994324568,1.28317065987718,-0.370335039215035,"pituitary","lay"
"MPRIP",0.0755409117403997,1.12181777776326,-0.371827832305917,"pituitary","lay"
"CCDC71",0.0152187525488411,1.8176209443695,-0.371925960890306,"pituitary","lay"
"SIK3",0.0875134506607357,1.05792519156289,-0.372336127056572,"pituitary","lay"
"DNM1",0.0594084651927429,1.22615166739999,-0.373611527084429,"pituitary","lay"
"LRRC8A",0.0418662093051827,1.37813635968123,-0.373648958877465,"pituitary","lay"
"PAK2",0.0154067951650085,1.81228769138566,-0.378108789758409,"pituitary","lay"
"DIP2B",0.00298267065138358,2.52539469909634,-0.378981172297561,"pituitary","lay"
"RNF144B",0.0650459170739606,1.18677995887026,-0.380944187923,"pituitary","lay"
"CTNNB1",0.0706523300610374,1.15087351087183,-0.383272044740488,"pituitary","lay"
"RP11-1085N6.3",0.0799018590701236,1.0974431158737,-0.383276847742308,"pituitary","lay"
"LONRF1",0.0993316827285882,1.00291220729933,-0.385514592247853,"pituitary","lay"
"DVL1",0.055021924620706,1.25946422242446,-0.385520234020323,"pituitary","lay"
"LRCH1",0.0150286732265388,1.8230793584568,-0.386361831495776,"pituitary","lay"
"RIF1",0.0628488307320734,1.20170279771282,-0.390160788958385,"pituitary","lay"
"C20H20ORF112",0.0267002146781991,1.57348524675593,-0.398392422860795,"pituitary","lay"
"HIPK2",0.0672567749505865,1.17226396150465,-0.398898173947073,"pituitary","lay"
"RP11-345J4.5",0.00365199398961194,2.43746994589144,-0.403026155703848,"pituitary","lay"
"WTIP",0.0453550303674488,1.34337453793864,-0.403425703191206,"pituitary","lay"
"LOC101748190",0.0947023577517701,1.02363920847469,-0.403492327180417,"pituitary","lay"
"CYB5A",0.0432388152440904,1.36412621434877,-0.405120856826083,"pituitary","lay"
"GAREM",0.0694379234826413,1.15840327506536,-0.405908813851887,"pituitary","lay"
"HIPK3",0.00081938561496733,3.08651166473624,-0.407782529616094,"pituitary","lay"
"TMEM131",0.0370580946958496,1.43111691325107,-0.408668060356382,"pituitary","lay"
"CNNM2",0.0238444488918979,1.62261271080502,-0.410390803127182,"pituitary","lay"
"ARHGAP32",0.0288650215741047,1.5396281135677,-0.413348823334887,"pituitary","lay"
"B4GALT1",0.0983129857107507,1.00738911441557,-0.413519062119755,"pituitary","lay"
"SPIRE1",0.00886172830335976,2.05248156937555,-0.414986607642836,"pituitary","lay"
"DUSP16",0.00560690312276028,2.25127694766717,-0.416509138022823,"pituitary","lay"
"NFASC",0.00921984329980932,2.03527646014013,-0.416993981796791,"pituitary","lay"
"SKI",0.0709425123871987,1.14909343530902,-0.418572496933272,"pituitary","lay"
"MED13L",0.0594084651927429,1.22615166739999,-0.421495424749792,"pituitary","lay"
"VANGL1",0.0857654674733619,1.06668754087631,-0.422584374454125,"pituitary","lay"
"SPEN",0.0782769175190841,1.10636628483839,-0.424716273429746,"pituitary","lay"
"NAT8L",0.0521592391335529,1.28266875244695,-0.425283219225946,"pituitary","lay"
"RAD54L2",0.0152865558203399,1.81569035348335,-0.426192468683299,"pituitary","lay"
"SSH1",0.0362104593203936,1.44116596623388,-0.426643320695689,"pituitary","lay"
"EPB41",0.0343775542633701,1.46372502374277,-0.429456005882726,"pituitary","lay"
"RNF19A",0.0781486460307143,1.10707854197599,-0.43074842773728,"pituitary","lay"
"RUFY3",0.0619568880213541,1.20791040416485,-0.431032483715492,"pituitary","lay"
"WASF3",0.0879417840579123,1.05580472817904,-0.432124645652161,"pituitary","lay"
"MED1",0.0859273649442868,1.06586850611399,-0.432639198944153,"pituitary","lay"
"CDS2",0.00104209255160638,2.98209370822749,-0.433900426057234,"pituitary","lay"
"SPATA18",0.0389723041113111,1.40924391719302,-0.435796181686551,"pituitary","lay"
"ASTN1",0.0210350546238707,1.67705635586877,-0.442455141753093,"pituitary","lay"
"RPRD2",0.079657172874964,1.09877511126576,-0.446136483685742,"pituitary","lay"
"KCNH8",0.0821657959069348,1.08530893355855,-0.446213539764503,"pituitary","lay"
"LOC107051290",0.0959666108203493,1.01787984257261,-0.448518592946715,"pituitary","lay"
"KMT2A",0.0402533229714075,1.39519826216376,-0.449370548455971,"pituitary","lay"
"KIAA1033",0.0597738481342786,1.22348878415818,-0.449385616824286,"pituitary","lay"
"FAM189A1",0.00365199398961194,2.43746994589144,-0.449570849910093,"pituitary","lay"
"C2CD3",0.0167229435121397,1.7766872772219,-0.45278211529955,"pituitary","lay"
"LOC429809",0.0984137690065973,1.00694413545838,-0.452823065637809,"pituitary","lay"
"BLVRA",0.0716481966311584,1.14479473622258,-0.4546014809199,"pituitary","lay"
"LOC395991",0.0514248013275295,1.28882737746551,-0.455563926298097,"pituitary","lay"
"MED12",0.072013990957243,1.14258312016257,-0.459160550002282,"pituitary","lay"
"NR6A1",0.0387829213835387,1.41135948012157,-0.464382169246623,"pituitary","lay"
"EFCAB4B",0.0821305549171999,1.08549524284097,-0.468225851863961,"pituitary","lay"
"INF2",0.0890119264084622,1.05055179980035,-0.468771253430058,"pituitary","lay"
"GATA2",0.0785537251941994,1.10483321491524,-0.47348006148722,"pituitary","lay"
"DEAF1",0.0570680713780822,1.24360680423411,-0.474966332173154,"pituitary","lay"
"ESR1",0.0030213590152737,2.51979766628966,-0.479880033902073,"pituitary","lay"
"C10ORF12",0.0594084651927429,1.22615166739999,-0.480450229367726,"pituitary","lay"
"NACC2",0.0746434314592698,1.12700840369925,-0.482482444860624,"pituitary","lay"
"RAB11FIP5",0.0492993452301383,1.30715884877198,-0.48263049500277,"pituitary","lay"
"MAN1C1",0.0853317208514399,1.06888949603209,-0.484480402332064,"pituitary","lay"
"NT5DC3",0.00965759103282511,2.01513118948733,-0.499656280692262,"pituitary","lay"
"LOC107056011",0.0657564012315756,1.18206196323011,-0.499968402858734,"pituitary","lay"
"VASH1",0.0822157451025965,1.08504500294218,-0.500078617660341,"pituitary","lay"
"ARHGAP6",0.0784030246899342,1.1056671824583,-0.504931154629286,"pituitary","lay"
"CUL9",0.0200662551124706,1.69753367064868,-0.507959645102833,"pituitary","lay"
"SLC9A9",0.0637604093555455,1.19544890333899,-0.509148542022594,"pituitary","lay"
"COQ10B",0.00702634958679281,2.15327024625505,-0.510506728874801,"pituitary","lay"
"USP31",0.0127193539974789,1.89553494548435,-0.511276748861749,"pituitary","lay"
"LRP4",0.0845955761757594,1.07265234727646,-0.511751331188665,"pituitary","lay"
"CA8",0.0745064474212103,1.12780614391885,-0.51408373989884,"pituitary","lay"
"WWTR1",0.0352010893336389,1.45344389662789,-0.523173462709188,"pituitary","lay"
"KREMEN1",0.0154067951650085,1.81228769138566,-0.525021180875299,"pituitary","lay"
"SEMA4D",0.00365199398961194,2.43746994589144,-0.53193055903844,"pituitary","lay"
"TRAM2",0.0369216274034485,1.43271916472194,-0.533062779438201,"pituitary","lay"
"FAM101B",0.0340250982290468,1.46820061233267,-0.536789590222756,"pituitary","lay"
"SLC8A3",0.0875134506607357,1.05792519156289,-0.537721677488105,"pituitary","lay"
"TRPC6",0.0876559821895137,1.05721843960167,-0.539702290855349,"pituitary","lay"
"SLC8A1",0.0631277973791296,1.19977936357583,-0.549060813002215,"pituitary","lay"
"LOC100857837",0.0462146114537378,1.33522069391391,-0.551719079051008,"pituitary","lay"
"ANTXR1",0.0642944657101892,1.19182640833498,-0.563091097023519,"pituitary","lay"
"LOC107051473",0.0978109456623607,1.00961254219836,-0.564721539525565,"pituitary","lay"
"ZBTB7C",0.0897401651244249,1.04701313568816,-0.566172914836037,"pituitary","lay"
"LOC107051178",0.0875134506607357,1.05792519156289,-0.566297572620824,"pituitary","lay"
"PACS2",0.0126971044052049,1.89629530929778,-0.566405351772903,"pituitary","lay"
"ZEB2",0.087833954735196,1.05633756264231,-0.574273428314707,"pituitary","lay"
"HIVEP3",0.0649290893664158,1.18756068808541,-0.579510544800388,"pituitary","lay"
"LOC107050074",0.0597005615126424,1.22402158410187,-0.583170588229682,"pituitary","lay"
"LOC107049744",0.0637604093555455,1.19544890333899,-0.58796561233178,"pituitary","lay"
"FOXO3",0.0200585809631043,1.69769979423146,-0.609796993522352,"pituitary","lay"
"SEMA6A",0.0200585809631043,1.69769979423146,-0.6129186005617,"pituitary","lay"
"MYO1D",0.0279126301546863,1.5541992388303,-0.613071062226502,"pituitary","lay"
"LOC427201",0.0684058546695259,1.16490672661532,-0.615525154966004,"pituitary","lay"
"SYT6",0.0854889150206297,1.06809019471597,-0.633529983599088,"pituitary","lay"
"FRMPD3",0.0369910148572906,1.43190375354875,-0.654993912739246,"pituitary","lay"
"METTL7A",0.0756953539063713,1.12093077617692,-0.659965183661059,"pituitary","lay"
"LOC107051165",0.0941735162801822,1.02607121345446,-0.663878205534856,"pituitary","lay"
"MYO1B",0.0597005615126424,1.22402158410187,-0.670150479812878,"pituitary","lay"
"LY75",0.0545913822636176,1.26287590914043,-0.672018147218326,"pituitary","lay"
"KIAA1462",0.0789463121128204,1.10266815275462,-0.672170849446156,"pituitary","lay"
"LOC101750635",0.0437749483461813,1.35877435770555,-0.680757642172761,"pituitary","lay"
"CNTN4",0.00959564271171307,2.01792593111065,-0.682506179239577,"pituitary","lay"
"TMEM123",0.0337567994028007,1.47163873703441,-0.685347765126746,"pituitary","lay"
"QKI",0.0880974042047541,1.05503688791213,-0.690335397619006,"pituitary","lay"
"DRD4",0.0857654674733619,1.06668754087631,-0.693345813435899,"pituitary","lay"
"TSPAN2",0.0250870030767735,1.6005512169221,-0.701322358556801,"pituitary","lay"
"FKBP5",0.0200662551124706,1.69753367064868,-0.702079528936361,"pituitary","lay"
"SLITRK5",0.0632726766577417,1.19878379296145,-0.708955827986452,"pituitary","lay"
"FAM65C",0.0704457268008078,1.15214534582098,-0.721351138061353,"pituitary","lay"
"TMEM100",0.0960704478633176,1.01741018469009,-0.735334965589697,"pituitary","lay"
"MYO3AL",0.0139963447650232,1.85398536829666,-0.745097459552323,"pituitary","lay"
"MAP2K6",0.00662405908425243,2.1788758024535,-0.784123318202781,"pituitary","lay"
"DOC2B",0.081692802569328,1.08781620469302,-0.797065814953828,"pituitary","lay"
"NFKBIE",0.0032176406146102,2.49246246483853,-0.830447799811389,"pituitary","lay"
"GJC2",0.0796101731325812,1.09903143159598,-0.842098126485302,"pituitary","lay"
"TTYH2",0.088369627053578,1.05369697785608,-0.866013065662994,"pituitary","lay"
"MT4",0.0795640482295804,1.09928312802321,-0.873161203292619,"pituitary","lay"
"SYNDIG1L",0.0967313683242478,1.01443266882267,-0.925591218278974,"pituitary","lay"
"EIF4G1",0.0103712206111533,1.98417012755574,-0.967320360550472,"pituitary","lay"
"TMEM201",8.33767850672555e-08,7.07895485488577,-1.04930439531493,"pituitary","lay"
"SEPT5",0.00887732290990993,2.05171798250323,-1.17854600864533,"pituitary","lay"
"MBP",0.00560690312276028,2.25127694766717,-1.18777906941776,"pituitary","lay"
"SLC6A9",0.0594084651927429,1.22615166739999,-1.24412921195755,"pituitary","lay"
"DAAM2",0.00109304812790371,2.96136071524806,-1.26114202219209,"pituitary","lay"
"SOX8",0.02147938451632,1.66797816733913,-1.45723559257027,"pituitary","lay"
"LOC100859848",0.0027338005158528,2.56323317887761,-1.49439379709376,"pituitary","lay"
"ZBTB16",2.969683785725e-05,4.52728979224036,-1.57299841528492,"pituitary","lay"
"HEBP2",0.0126971044052049,1.89629530929778,-1.58855678590489,"pituitary","lay"
"UGT8",0.00830820856443742,2.08049260972392,-1.60241615997577,"pituitary","lay"
"IFI30",0.00364786674265277,2.43796103492356,-1.6306886387515,"pituitary","lay"
"CLDN11",0.0672567749505865,1.17226396150465,-1.6970255070495,"pituitary","lay"
"PLP1",0.00959564271171307,2.01792593111065,-1.76784913408937,"pituitary","lay"
"CNP",0.00128131480396148,2.89234415610463,-1.90155750871725,"pituitary","lay"
"LOC107055436",0.0228608938715865,1.64090679249244,-2.212758402628,"pituitary","lay"
"LOC107050516",0.00170052388713123,2.76941726318647,-2.25828162581808,"pituitary","lay"
"TMEM52",0.000157877620133471,3.80167942883525,-2.49696385894878,"pituitary","lay"
"SHANK3",0.00965759103282511,2.01513118948733,-2.78792338630463,"pituitary","lay"
"NINJ2",0.00192850258730115,2.7147797741431,-3.10795793007565,"pituitary","lay"
"ANLN",0.00081938561496733,3.08651166473624,-3.17275897955865,"pituitary","lay"
"PLLP",0.000180410208621966,3.74373889127995,-3.47690696341251,"pituitary","lay"
"LOC769726",0.00183485343202205,2.73639862144258,-4.10676503460558,"pituitary","lay"
"APOH",0.0104627874108006,1.98035259884716,-4.61233038198625,"pituitary","lay"
